,fips,mapping
0,1001,0.11077288500606504
1,1003,0.08648847824221997
2,1005,0.07857783005699509
3,1007,0.04332839942829695
4,1009,5.97069382028109e-06
5,1013,0.21146613809795248
6,1015,1.0400826190800412e-05
7,1017,0.019348771505161733
8,1019,5.260879559791656e-05
9,1021,0.0
10,1025,0.07679371705318903
11,1027,0.0
12,1029,0.0
13,1031,0.10462461398551315
14,1033,1.9605414608503996e-05
15,1035,0.010947068187863425
16,1039,0.0
17,1043,6.542950455194789e-07
18,1045,0.05670228168889012
19,1047,-0.045907049160122594
20,1049,0.07654502229611018
21,1051,0.0
22,1053,1.0120109878313928e-14
23,1055,0.00018554408976578972
24,1057,0.008819002169817252
25,1059,0.2933621533253489
26,1061,0.010242908484647288
27,1063,5.520434724303903e-05
28,1065,-0.007400056361133261
29,1067,0.03723910904540193
30,1069,0.06709840077909475
31,1071,0.0041998949056593245
32,1073,0.7671338747950979
33,1075,0.005974789238406401
34,1077,0.048495497382110606
35,1079,0.02267636269085487
36,1081,1.0716663522404046e-08
37,1083,0.03446660107123435
38,1085,0.12867112328566627
39,1087,0.014422517582101104
40,1089,0.01365198028571136
41,1091,0.07820315461316824
42,1093,1.2941225680468438e-06
43,1095,0.0
44,1097,0.36504801887708427
45,1099,0.0
46,1101,-0.2479108169135708
47,1103,0.11972692411530345
48,1105,0.0221351037380186
49,1107,0.05251311825892414
50,1109,0.07488543160263994
51,1111,0.0
52,1113,0.0
53,1115,0.0
54,1117,0.0
55,1119,-0.011197089081203569
56,1121,5.338814615226251e-06
57,1123,0.0
58,1125,-0.29167799190903315
59,1127,0.03284008350240344
60,1129,0.034124457406053015
61,1133,0.04617289983894087
62,2020,0.022642318017716274
63,2090,0.014356842866428732
64,2110,-0.00041118455758890293
65,2122,0.0
66,2170,0.0
67,4001,0.3627826250264429
68,4003,-3.3286194313684694e-13
69,4005,-0.9898709439888849
70,4007,1.2827076885754685e-05
71,4009,0.018614408468249456
72,4012,-0.018720852101217877
73,4013,-0.9998411656480537
74,4015,0.13036609205831726
75,4017,-0.9993923493923719
76,4019,-0.8564947765477575
77,4021,-0.07309361192381772
78,4023,-0.009039940939524364
79,4025,4.68914065169817e-05
80,4027,-0.8495801188569855
81,5001,0.0009140241917506338
82,5003,0.0015378056521375175
83,5005,0.0
84,5007,0.1672248400648744
85,5009,0.0009332363589544954
86,5011,0.012012489945398417
87,5015,-0.0017942078935364587
88,5017,0.005177528951343803
89,5019,0.0015055684085450887
90,5025,-0.009142728738385425
91,5027,2.9801037705932634e-11
92,5029,2.135044278125301e-18
93,5031,0.08556481675051293
94,5033,0.0
95,5035,0.16516644296714353
96,5037,-0.003281898904998477
97,5041,0.0
98,5043,0.0
99,5045,0.037781175476376584
100,5049,0.0036276113015334325
101,5051,0.0
102,5053,3.219904109701035e-05
103,5057,8.177219585219903e-16
104,5059,0.003995076821209668
105,5061,-6.660891048128657e-10
106,5063,5.1825065755944495e-09
107,5071,0.0003384759049990811
108,5073,0.005347474308776813
109,5079,0.5307271339547402
110,5083,0.0
111,5085,0.0
112,5091,0.0
113,5093,6.067682444132008e-06
114,5099,0.0013411084802279068
115,5101,0.0
116,5103,0.004396869709586132
117,5111,0.01595497031185
118,5113,3.44340663034519e-09
119,5115,0.002140076263209536
120,5117,0.0011041171303598695
121,5119,0.009185062002806898
122,5123,-0.022894926042324695
123,5125,0.05364493532004956
124,5127,0.0004855528312860318
125,5131,0.0
126,5133,0.05742981800276572
127,5137,2.9881118946716555e-13
128,5139,0.08761857602345469
129,5141,0.004770740512267773
130,5145,1.4561324172621297e-06
131,5149,2.5072167431083345e-07
132,6001,0.0
133,6005,0.0
134,6007,-0.022920245674625944
135,6009,0.0
136,6011,0.0
137,6013,0.0
138,6015,-8.614241954066566e-07
139,6017,-0.012971706610708416
140,6019,-0.8800238551537805
141,6021,0.0
142,6023,0.0
143,6025,-0.9963973158930457
144,6027,0.0
145,6029,-0.9914884432735533
146,6031,-0.9021940812409134
147,6033,0.0
148,6035,1.3348823976744306e-08
149,6037,-0.9999999999999987
150,6039,0.0
151,6041,0.0
152,6043,-0.009152448730611044
153,6045,-0.07460454298437622
154,6047,-0.4482611681386771
155,6051,0.0
156,6053,-0.2510576434789293
157,6055,0.0
158,6059,-0.9999992200074895
159,6061,-0.04579239428490447
160,6065,0.0
161,6067,0.0
162,6069,0.0
163,6071,-0.7403394064289716
164,6073,-0.9525138724360622
165,6075,0.0
166,6077,-0.012853512035636283
167,6079,-0.02626712671209483
168,6081,0.0
169,6083,-0.9936757947473278
170,6085,0.0
171,6089,0.0
172,6093,0.0
173,6095,-2.0332063442036392e-05
174,6097,-0.06609660734127862
175,6099,-0.9431536488176292
176,6101,0.0
177,6103,0.0
178,6105,0.00047437785463864143
179,6107,-0.9241919932502053
180,6109,-0.001594690504472627
181,6111,-0.8887837174376183
182,6113,0.0
183,6115,0.0
184,8001,-0.9981366140567969
185,8003,-0.013357236360764777
186,8005,-0.9999418931576531
187,8007,0.0
188,8013,-0.5233010244342687
189,8014,-0.08541984941913178
190,8015,0.043582308108426
191,8019,0.0
192,8027,0.00023682437283545964
193,8029,0.0
194,8031,-0.9996841868195288
195,8035,-5.701422240305804e-13
196,8037,0.0
197,8039,0.0
198,8041,-0.7044461664000461
199,8043,-0.20439331751900872
200,8045,8.393286066166183e-14
201,8049,0.0
202,8051,-0.1020596317018489
203,8063,-0.010254830695632511
204,8067,0.0
205,8069,-0.24755707467226915
206,8071,-3.5612699674469394e-05
207,8077,0.0
208,8083,0.0
209,8085,0.0
210,8089,0.0
211,8093,0.0
212,8097,0.0
213,8101,0.1281343505445505
214,8107,0.0
215,8111,-0.000387213279404415
216,8113,-1.0248212535001446e-16
217,8115,0.0
218,8117,0.0
219,8119,0.0
220,8123,-0.9129077131712462
221,9001,-0.9999976672089499
222,9003,-4.5022283337367786e-10
223,9005,0.0
224,9007,0.0
225,9009,-0.9999895011338998
226,9011,-0.4879004758410911
227,9013,-0.5050328804752644
228,9015,-0.2266841797405339
229,10001,-0.6703058154937152
230,10003,-0.94723506072052
231,10005,0.0
232,12001,0.0
233,12003,-1.1956247957501685e-16
234,12005,0.0
235,12007,0.0
236,12009,-0.22018337937927385
237,12011,-2.0155544528024782e-05
238,12015,-3.921697486411253e-08
239,12017,0.0
240,12021,-0.6153867567977886
241,12027,-0.12539404307058363
242,12031,-0.6591802412247718
243,12035,-0.09005909419257965
244,12039,-0.13506825810711853
245,12041,0.0
246,12043,-0.000998100574573251
247,12045,0.0
248,12047,-0.4375815960295204
249,12049,-0.0514259376370564
250,12051,-0.45328230281353493
251,12053,0.0
252,12055,-0.06787690353552138
253,12057,-0.041573142763033484
254,12059,0.0
255,12061,-0.005531648022080195
256,12073,-1.0035723453496364e-05
257,12075,0.0
258,12077,0.08133857562355126
259,12081,-0.002865584882999893
260,12085,-0.4927177808262915
261,12086,-0.9999993134159643
262,12089,0.0
263,12091,0.0
264,12093,-0.13605567585454983
265,12097,0.0
266,12099,-9.095278360976977e-05
267,12101,-0.13365170700056
268,12103,-0.6147505444313288
269,12107,0.0
270,12109,-0.1490923203079366
271,12111,-0.220665500649867
272,12113,0.0
273,12115,4.636793223549806e-05
274,12117,-0.27634880333169126
275,12121,-0.10079047948917251
276,12123,-0.0017236657485719268
277,12127,0.0
278,12129,0.0
279,12131,-1.375760317206662e-07
280,13001,-0.11506508767437475
281,13011,0.014205019843826132
282,13013,2.6000412079751047e-09
283,13015,0.0
284,13019,0.0
285,13027,0.0
286,13029,0.0
287,13031,-0.024946816395856528
288,13033,0.0
289,13035,8.3294226217189e-12
290,13039,0.0
291,13043,0.0
292,13047,-0.20406797516373332
293,13051,-0.40865594780954556
294,13053,-3.24704128086639e-05
295,13055,0.0
296,13063,-0.6120040143501835
297,13067,-0.9989359041408123
298,13071,0.007992156902010751
299,13075,-0.020739449066149
300,13077,0.042706721768640155
301,13081,-0.022373465376188575
302,13083,0.0
303,13085,0.0
304,13087,0.0
305,13091,0.0
306,13093,-0.10089987506910676
307,13095,-0.08106324951718996
308,13103,0.000503666028470874
309,13107,0.0
310,13111,0.0
311,13115,0.0
312,13117,-0.29109491980073016
313,13123,0.07033687125818482
314,13127,0.010776732311480646
315,13129,0.0
316,13131,-6.554136593363608e-05
317,13135,-0.9997103280701135
318,13137,0.2302917204133346
319,13139,0.0021094341271726395
320,13141,-0.03697301514762981
321,13143,0.0
322,13145,0.0
323,13147,-0.0157930003151564
324,13159,0.0
325,13169,0.0
326,13175,0.0
327,13187,0.0
328,13189,0.0
329,13191,0.0
330,13199,0.0
331,13205,-0.026734696777611866
332,13213,-0.35398930931934486
333,13215,0.0
334,13219,0.04333219506255036
335,13223,0.0
336,13225,-0.017977064680885602
337,13229,0.0
338,13241,0.0
339,13245,0.0
340,13247,-0.0095963518972703
341,13255,0.0
342,13257,0.005405504642560082
343,13263,0.0
344,13267,9.197770750163796e-15
345,13275,0.0
346,13277,-0.14269587376375256
347,13279,0.0
348,13285,0.0
349,13287,0.0
350,13289,0.0
351,13293,0.0
352,13299,0.0
353,13301,0.0
354,13305,0.0
355,13307,0.0
356,13309,-0.004306125579374536
357,13313,0.004692171228492378
358,13317,-0.017484484988303073
359,13321,0.0
360,15001,0.0029348706310904256
361,15003,1.9892894545301065e-08
362,15007,0.010008943286260124
363,15009,4.5982307961267566e-09
364,16001,0.07795430328900517
365,16005,0.0009192942964375887
366,16011,0.0
367,16013,0.19048920002319908
368,16017,0.0
369,16019,0.0
370,16027,0.16867733107068525
371,16031,0.018777616665285705
372,16053,0.0
373,16055,0.0
374,16057,0.0
375,16061,0.0003648250784023199
376,16067,-0.07182974324447033
377,16069,0.04911997883217069
378,16071,0.0
379,16075,0.0
380,16081,0.0
381,16083,0.0
382,17003,0.0
383,17005,0.0
384,17009,0.005035305798267297
385,17011,0.0
386,17017,0.0031352602299130326
387,17019,-0.6715869993399446
388,17021,0.0
389,17027,0.0
390,17029,-0.709999925333726
391,17035,0.013436820394546602
392,17039,0.0
393,17043,-0.9999974539658678
394,17053,-0.009246750138075683
395,17059,0.0
396,17063,1.4948083713637797e-06
397,17069,0.00025080680673103106
398,17071,0.0
399,17075,-0.0886578844619133
400,17083,0.0
401,17085,0.0
402,17089,-0.9999999587290792
403,17091,-0.8461225677774736
404,17093,-0.8658245814443041
405,17095,-0.005637602735428202
406,17099,0.032952758486948494
407,17105,-0.0001358261521033421
408,17109,-0.049493442441640105
409,17111,0.3277449852930832
410,17113,-0.12089650745309985
411,17117,0.0
412,17125,0.0
413,17127,-3.2817759573039916e-06
414,17131,0.0
415,17141,0.0
416,17143,-0.1143525666386977
417,17147,0.0
418,17159,0.0
419,17161,-0.34853074543493995
420,17167,-0.17403149338665247
421,17169,0.007873853022082853
422,17175,0.0
423,17177,-0.15672693123388667
424,17179,0.0
425,17183,0.0
426,17185,0.0
427,17195,0.025504988032461113
428,17197,-0.9335145306350542
429,17199,-0.032052751919391685
430,17201,-0.7000138696646375
431,17203,0.0
432,18003,-0.754590760828777
433,18005,0.0
434,18027,0.0
435,18029,0.0
436,18035,-0.03991745629004985
437,18037,-0.36669371596784606
438,18039,-0.9162114206430055
439,18045,7.199290830151028e-09
440,18051,0.0034043891245285184
441,18061,0.0
442,18063,0.047709259847855554
443,18069,-0.012290646463300274
444,18075,-0.03224118156775605
445,18079,0.0
446,18085,-0.08264768576680862
447,18087,-0.00012530938881598222
448,18091,0.0
449,18103,0.04215943964656206
450,18113,-0.031742075860453176
451,18115,0.007505887392647285
452,18119,0.0020434785240841494
453,18127,-0.15144688236314285
454,18129,0.0
455,18137,0.00011415768919296076
456,18139,0.0
457,18141,-0.9406929272139651
458,18147,1.9252012420154165e-09
459,18149,0.0013481669031450727
460,18151,-6.70612142398359e-08
461,18153,-0.03870145332038362
462,18157,-0.4553802507983179
463,18159,0.0
464,18163,-0.013422488406994669
465,18165,0.0
466,18167,-0.10455910554777918
467,18173,0.0
468,18179,-0.002227333997000071
469,18183,-0.2029574948951691
470,19001,0.0
471,19013,-0.40345641643152386
472,19017,0.0
473,19019,0.0
474,19021,-0.4332021683429505
475,19031,0.0
476,19033,0.0
477,19037,0.0
478,19051,-3.193078280415963e-12
479,19057,0.0
480,19059,0.0067800437911061376
481,19061,-1.1293701017113843e-11
482,19063,0.0009750394765484585
483,19095,0.0
484,19113,0.0
485,19115,0.0
486,19117,-7.458072058221273e-08
487,19119,0.0
488,19123,-0.01632042143724452
489,19129,0.0
490,19139,0.0
491,19145,0.0
492,19149,-1.218062403077843e-11
493,19155,-0.9833768864646536
494,19157,0.005171979843639967
495,19167,-8.195387958009039e-11
496,19169,-0.05738623868891816
497,19179,0.0
498,19191,0.0439192229607269
499,19193,0.0
500,19197,-3.2224823874599997e-06
501,20003,0.001557612655081409
502,20005,0.0
503,20009,0.004933148965990193
504,20011,2.135044278125301e-18
505,20019,3.736327486719277e-18
506,20033,1.4992267383480737e-09
507,20035,0.002422769335901116
508,20049,0.00044442020876255374
509,20051,1.2358853257027774e-12
510,20055,0.7068188148867814
511,20061,3.5923694331218244e-08
512,20069,0.0012076527719823242
513,20073,0.0015090305234895598
514,20079,1.2255627679416735e-06
515,20099,0.0
516,20101,4.549186863216199e-10
517,20103,0.5720164506509897
518,20113,0.0
519,20119,0.0
520,20127,0.00041247628165827683
521,20129,0.0020294861375651663
522,20139,0.00111210606421045
523,20143,0.00240360190333308
524,20145,0.0
525,20149,0.009818467462329842
526,20155,0.02252560473433011
527,20159,6.809543975743787e-05
528,20161,-0.0012869960444289294
529,20175,0.3819600129238334
530,20177,0.0
531,20179,0.0
532,20183,0.0
533,20185,-0.0005309901447647573
534,20189,-0.06553029493287343
535,20191,0.0
536,20203,7.412967797697128e-10
537,20205,-5.1396772632781376e-05
538,20209,0.07731615349633324
539,21009,-0.17381568465052022
540,21013,1.0228817419146206e-09
541,21019,0.00026959264963778484
542,21021,0.0
543,21029,-1.5073302261914165e-07
544,21033,0.0012767624048578945
545,21035,0.0
546,21037,0.0006609521340566043
547,21043,0.006056861122702292
548,21083,0.0
549,21085,0.004088520512461198
550,21087,2.8482472583796853e-05
551,21089,0.0
552,21105,0.0011197644549088214
553,21107,0.0016510065276788932
554,21113,0.03693050154286806
555,21117,0.2952144020988562
556,21125,5.710739748609173e-09
557,21145,0.0
558,21177,0.0
559,21179,0.0
560,21181,0.0017665235265712158
561,21185,0.01612559898689113
562,21201,0.0
563,21203,0.004604243176160794
564,21205,0.0006970504529904345
565,21213,0.0
566,21219,0.007384232910880137
567,21221,0.0007391500724671614
568,22001,0.002120237193714577
569,22003,-0.09567179348227113
570,22005,-0.33048136831201613
571,22007,0.0
572,22009,0.0
573,22011,0.0
574,22013,-0.07813953993459667
575,22015,0.0
576,22017,0.0
577,22019,-0.5193305666253721
578,22031,-0.09808076344518446
579,22033,-0.016429514915135668
580,22037,0.0
581,22039,-0.1654296447747174
582,22041,-0.022658590593735546
583,22043,0.0
584,22045,-0.9994219462315601
585,22047,-0.33699313376635526
586,22051,-2.5202404266075555e-11
587,22053,0.0
588,22055,-0.3919341093443945
589,22057,0.0
590,22061,-0.11385089435791033
591,22063,0.0
592,22065,-0.027724377205248524
593,22067,-0.2686605288670287
594,22069,-0.07603923743754262
595,22071,3.598190115671201e-05
596,22073,0.0
597,22075,-0.05355299854298414
598,22077,0.0
599,22079,-0.6672797608231059
600,22083,0.0
601,22085,-0.24967770639158288
602,22087,0.0
603,22089,0.0
604,22093,0.016341963236098916
605,22095,0.0
606,22097,0.0
607,22099,-0.2080636365138782
608,22101,0.0
609,22103,0.0
610,22105,-0.019133140065129613
611,22109,0.0
612,22111,-0.9998381617266554
613,22113,0.0
614,22115,0.0
615,22117,0.0
616,22119,0.0
617,22121,-0.06636079394695013
618,23001,0.054461770530781474
619,23003,0.0
620,23011,0.07348918967557032
621,23017,-1.2893634664219616e-10
622,23019,0.0
623,23023,0.011047743585225533
624,23025,0.0032655941215759964
625,23027,0.02272297214827937
626,23031,8.62003868113927e-07
627,24001,0.0
628,24003,-0.9896933604976271
629,24005,-0.9754846214578063
630,24009,0.0
631,24011,-0.1006967570986963
632,24015,-0.0549572520755913
633,24017,-5.455387616602964e-06
634,24019,-0.0008492595781353185
635,24021,-0.8552131691128945
636,24023,0.0
637,24025,-5.456148353634769e-13
638,24033,-0.9999998383271884
639,24035,-0.13090674105893568
640,24037,0.0
641,24045,-0.6305258889711056
642,24047,-0.07183751006832774
643,25001,0.0
644,25003,-0.23082917386431318
645,25005,-0.9976184936998163
646,25007,0.0
647,25009,-0.9999951721851132
648,25013,-0.998026622456936
649,25015,-0.09382861095282263
650,25021,-0.940802506191384
651,25025,-0.9995544775876738
652,26005,0.12397638137141649
653,26007,3.141654457950748e-11
654,26009,0.0027128251004286527
655,26015,0.0
656,26019,4.2382541920460426e-11
657,26023,0.0
658,26029,0.0
659,26031,7.813408040227351e-14
660,26033,0.00011736165392441488
661,26035,3.1963197732783412e-06
662,26045,0.0
663,26049,-0.2839290052981341
664,26055,0.0
665,26057,0.035292815278825586
666,26059,0.10053006225110142
667,26061,0.0
668,26063,-0.12818281083669017
669,26065,-0.00319172303751945
670,26067,-0.06041933419690014
671,26071,0.0
672,26073,0.0
673,26077,-0.3001304032099959
674,26079,0.008954848210216302
675,26087,0.0958582142896089
676,26089,0.0
677,26091,0.08856129053633402
678,26099,-0.9953167122959589
679,26103,0.0
680,26107,0.0
681,26111,0.0
682,26117,0.03960102770296314
683,26121,0.004628726129789237
684,26123,-0.01163278745193611
685,26125,-0.9987265341503259
686,26127,-0.39675497128748655
687,26137,0.0
688,26143,0.004242449351486452
689,26145,0.36056091648119115
690,26151,0.0
691,26155,9.235825779377102e-12
692,26157,0.10903371308474016
693,26161,0.0
694,26165,0.0
695,27003,-0.9665245486780194
696,27005,-0.13212551120470473
697,27007,0.0
698,27013,-0.00019829845999054312
699,27017,0.0
700,27019,0.0
701,27025,0.0
702,27035,0.0021303684872499913
703,27037,0.0
704,27045,7.271747306866963e-13
705,27047,0.0
706,27049,-0.08011570103066017
707,27053,-0.9999999999665053
708,27057,4.600312920129882e-09
709,27059,0.01904686481688513
710,27061,0.0
711,27067,-0.7453350346814619
712,27079,0.0
713,27085,-0.10267697006249837
714,27093,0.027249461197480375
715,27095,0.0
716,27097,0.0
717,27099,-1.0866585888032928e-06
718,27103,-0.05629413984245212
719,27105,0.0
720,27109,-0.07147455498162938
721,27111,-0.07955765223801055
722,27113,-1.1681575471463729e-07
723,27115,0.033224424924735874
724,27123,-0.99983298303294
725,27127,0.0
726,27133,0.012599069294243814
727,27137,0.0
728,27141,0.0
729,27145,-2.6127398774414914e-08
730,27147,0.0
731,27157,0.0
732,27161,0.0
733,27169,-0.03405487224797316
734,28003,0.00999995785404572
735,28007,0.14823696329335953
736,28011,0.08434814477434904
737,28021,0.0
738,28027,0.0
739,28029,-0.09578965561803876
740,28035,0.2110837817096757
741,28039,1.8994969667770606e-06
742,28043,0.0037772996297107844
743,28049,-0.18718622555071754
744,28053,0.00016967319023964743
745,28057,0.05325061090317158
746,28079,0.0
747,28083,0.0007001905905101115
748,28099,0.06858353420722768
749,28105,-1.8082971018010048e-11
750,28107,0.03497882615626007
751,28109,0.052434357125256535
752,28115,-0.0040240433599395
753,28117,0.0
754,28121,0.00584402017100888
755,28133,8.271927688972497e-08
756,28137,0.00013605322403001537
757,28139,0.0
758,28141,0.0036764380892475527
759,28143,-0.01592421168136191
760,28161,-0.0005766063413406975
761,28163,0.0
762,29003,0.009994843711772831
763,29007,7.365332267160984e-08
764,29013,0.0
765,29027,0.0
766,29031,0.0
767,29051,0.0
768,29053,-7.163073553110385e-16
769,29069,0.0
770,29091,0.0
771,29105,-0.048010247050494746
772,29119,0.0
773,29143,0.0
774,29147,0.0
775,29155,-0.0004623048994409292
776,29159,-6.974086265752423e-11
777,29161,0.0
778,29165,0.0
779,29177,0.0
780,29183,0.0
781,29186,0.0
782,29187,0.0
783,29199,0.0
784,29207,-0.03718053134993108
785,29213,0.0
786,29215,-9.252029688693196e-05
787,29217,0.0
788,30001,0.00044730110272609395
789,30009,0.0007179195560220023
790,30013,5.691982633090257e-10
791,30029,0.0
792,30041,0.0006051840034498088
793,30049,0.010902051392519011
794,30063,0.0
795,30081,-7.745820001269034e-08
796,30085,0.0001747679283299856
797,30093,0.0
798,30111,0.0
799,31019,0.0
800,31037,0.0785954998433184
801,31067,5.4702289329326515e-05
802,31101,0.001207905519693495
803,31109,-0.04802237301882404
804,31131,0.0006618607448595122
805,31153,0.022062910869076528
806,31155,0.0
807,31157,3.249093302096858e-11
808,31173,-0.0075075402467519965
809,32001,0.0
810,32007,0.0
811,32023,0.0
812,32031,-0.7178488768787027
813,32510,0.0
814,33001,5.584440851028964e-07
815,33005,-0.00031983913746788873
816,33007,0.0
817,33009,-5.750494460951756e-08
818,33013,-0.23034819379542357
819,33015,0.0
820,33017,-0.10577628762653767
821,34001,-0.8492821494367517
822,34003,-0.9984140124645763
823,34005,-0.8806613483030706
824,34009,0.0
825,34015,-1.4000698036817574e-11
826,34017,-0.9999998604666297
827,34019,-0.5235620681430617
828,34025,-0.9998648702464232
829,34029,-0.9984000105480131
830,34031,-0.99999998910178
831,34033,-0.3369931369253367
832,35001,0.0
833,35005,-0.01572491596061601
834,35006,-0.004965995107198217
835,35009,0.0
836,35015,0.0
837,35019,-0.010838820766166012
838,35023,-1.4245974695656693e-07
839,35025,-0.009611585230750284
840,35029,-2.46265349475448e-06
841,35031,-0.7947866681827654
842,35037,0.0
843,35039,0.0
844,35043,-2.843253165891076e-06
845,35049,0.0
846,35053,0.0
847,35055,-1.4347805486438257e-09
848,35057,-4.637622002159737e-06
849,35061,0.0
850,36001,-0.10478259527453142
851,36005,0.0
852,36007,-0.15008090523601492
853,36009,-5.24616654050082e-08
854,36011,0.0
855,36015,0.004404489794078654
856,36017,3.856030121702938e-08
857,36023,0.0
858,36027,-0.9593342533038239
859,36029,-0.9942366885710342
860,36043,-0.0015367784927160523
861,36061,1.0
862,36063,0.0
863,36067,-0.9994518655593123
864,36069,-0.0355720157135297
865,36073,-0.3448725618683001
866,36075,0.0
867,36081,0.0
868,36083,-0.16582491044319142
869,36087,-0.9669667427893258
870,36089,0.0
871,36091,4.099285014000578e-16
872,36093,-0.46659388607616875
873,36095,0.0
874,36099,0.010092141802733245
875,36107,0.07496509106403153
876,36109,-0.07999113087887803
877,36111,-0.006997525210334798
878,36119,0.9999999993726545
879,36121,0.0
880,36123,-0.042197018766240865
881,37001,-0.08707115329712638
882,37007,0.0
883,37009,-0.3358835371961633
884,37011,-3.278908484871454e-09
885,37013,-0.0008224348009938359
886,37017,-0.01769796133640432
887,37019,0.0
888,37021,-0.23952795237567692
889,37025,0.0
890,37031,0.0
891,37033,-0.0227088015195876
892,37035,-0.1050805980726761
893,37047,-0.21065525492803003
894,37049,-0.20976083814160407
895,37053,0.0
896,37055,0.0
897,37057,-0.18928210657217784
898,37059,-0.04374414645334857
899,37061,-0.82922451664319
900,37063,-0.5894555082665259
901,37065,0.0
902,37071,-0.1447526548374844
903,37077,-0.21754541271843414
904,37081,-0.595987646067172
905,37083,-0.006874602115971262
906,37085,0.04350058848022136
907,37087,0.0
908,37091,-0.05082125457323808
909,37093,0.00015924631643566856
910,37097,-0.0003620324679198689
911,37101,-0.06121697213585584
912,37107,0.0
913,37111,0.0
914,37119,-0.9488759677701828
915,37125,-0.02553918786988695
916,37127,0.0
917,37129,0.0
918,37131,-3.942593260411251e-11
919,37133,0.0
920,37139,-7.932737822089016e-05
921,37141,0.0
922,37145,0.0
923,37147,-0.17861682745068397
924,37155,-0.01592480754187305
925,37161,0.0
926,37163,-0.007882409357210816
927,37167,0.0
928,37169,0.0006152872709649811
929,37171,-0.08695113117435294
930,37173,0.00033276090816885114
931,37175,0.0
932,37181,7.552374213195033e-09
933,37183,-0.3653701931642006
934,37189,-0.006190029784530549
935,37197,-0.08984686590621803
936,38015,0.07324540925116277
937,38025,0.0
938,38035,0.07033519307211551
939,38053,-6.185222146425618e-09
940,38061,-0.016058372676641574
941,38093,0.010902051392519011
942,38101,-0.005635518068615559
943,38105,0.0
944,39005,0.0
945,39007,0.003864599020660574
946,39009,-0.008238927221454436
947,39011,0.0
948,39013,-0.016963500799059165
949,39025,0.0
950,39029,-0.14888274108844868
951,39031,0.0
952,39035,-0.9700213387380291
953,39037,0.0
954,39039,0.0
955,39053,0.0
956,39055,0.0
957,39059,0.0
958,39071,0.0
959,39073,3.4851395273978354e-11
960,39089,0.0
961,39093,0.0
962,39099,0.0
963,39103,3.5453455555949193e-10
964,39105,0.0
965,39117,-0.005863914604786532
966,39119,8.643234205275318e-10
967,39129,0.0
968,39133,-2.083803215450294e-15
969,39135,0.0
970,39141,0.0
971,39143,0.0
972,39145,0.0
973,39155,0.0
974,39157,-0.014472804172597083
975,39161,0.0
976,39173,0.0
977,39175,0.0
978,40005,0.0
979,40007,0.0
980,40009,0.0
981,40015,0.0
982,40017,0.0
983,40035,0.0
984,40037,0.0
985,40049,0.0
986,40071,0.0
987,40073,0.0
988,40079,0.0
989,40085,-3.067352427823767e-07
990,40087,-0.05388577004223771
991,40089,0.0
992,40097,0.0
993,40101,0.0
994,40109,-0.030360500933475337
995,40111,0.0
996,40119,0.0
997,40121,0.0
998,40131,0.0
999,40135,0.0
1000,40143,0.0
1001,40145,0.0
1002,40149,0.0
1003,40153,1.4153742280762152e-13
1004,41005,-0.005294890175792979
1005,41007,-0.026212572880009815
1006,41013,-0.0001575530854927429
1007,41017,0.0
1008,41027,-2.7457721358771134e-07
1009,41033,0.0
1010,41035,0.0
1011,41045,0.0
1012,41051,0.0
1013,41057,-0.0035677597135960934
1014,41059,0.0
1015,41065,0.0
1016,41071,-0.02815992768849969
1017,42003,-0.6345299229338401
1018,42005,0.0
1019,42009,0.0
1020,42011,-0.5006098413200947
1021,42013,0.0
1022,42017,-0.9997228781375856
1023,42021,0.0
1024,42023,-0.0008315150776478018
1025,42027,0.0
1026,42029,-0.9911661907039145
1027,42031,0.0
1028,42033,-0.002268361595406774
1029,42043,-0.6863823545985136
1030,42061,-0.9996477537035808
1031,42063,-0.03492989915267639
1032,42067,-0.04930018379219678
1033,42069,-0.9465412479971229
1034,42075,-0.08916484329618794
1035,42077,-0.9993549289440923
1036,42079,-0.9890558028830972
1037,42081,0.0011488671823814275
1038,42083,0.0
1039,42087,0.0
1040,42093,-4.270088556250602e-18
1041,42097,0.0
1042,42101,-0.9999999999999983
1043,42105,-7.277321173857421e-06
1044,42107,-0.021941577678836963
1045,42109,0.0
1046,42115,0.0
1047,42121,0.0
1048,42129,0.0
1049,44005,6.149030003126217e-12
1050,44007,0.701916279896232
1051,45001,0.0
1052,45003,0.0
1053,45011,0.0
1054,45015,0.0
1055,45019,0.0
1056,45025,0.0
1057,45027,0.0
1058,45029,0.0
1059,45031,-0.13216012113589928
1060,45033,0.0
1061,45037,0.0
1062,45041,-0.026610513849414135
1063,45043,0.0
1064,45045,-0.4175151354548626
1065,45049,-0.01090674561598656
1066,45051,0.0
1067,45055,0.0
1068,45063,0.0
1069,45069,0.032626483004433555
1070,45071,0.0
1071,45075,-8.644318662585594e-09
1072,45081,0.02821292057472814
1073,45083,-0.28669173155257416
1074,45089,0.10445065272304996
1075,46011,5.180320382060553e-10
1076,46029,0.01880285696310145
1077,46035,0.0068871584870606895
1078,46067,0.0
1079,46099,0.9493050007604938
1080,46129,0.0005586797238098315
1081,47021,0.0
1082,47029,0.0
1083,47033,0.0
1084,47043,0.0
1085,47045,0.0
1086,47055,0.0002281824495595629
1087,47057,0.0
1088,47063,-4.3794429117359984e-08
1089,47069,-0.2532512196777092
1090,47073,0.0
1091,47105,-0.016243045239189343
1092,47107,0.00019031196200552648
1093,47109,-0.0007970759809978668
1094,47119,0.0
1095,47131,0.0
1096,47133,0.0
1097,47143,-6.87883150457854e-07
1098,47145,0.0
1099,47183,-0.001170771225549082
1100,48003,0.0
1101,48005,-0.20643816456752218
1102,48007,0.0
1103,48013,-0.005678690287456242
1104,48015,-2.049642507000289e-16
1105,48019,0.0
1106,48021,-0.11440912784678064
1107,48025,0.0
1108,48029,-0.9637592336062938
1109,48031,0.0
1110,48035,5.470559469578506e-08
1111,48037,-0.16737318067308438
1112,48039,0.005911868883197823
1113,48041,-0.24586421164885872
1114,48043,3.2699275361916216e-07
1115,48051,0.0
1116,48053,5.473860467461669e-10
1117,48059,1.6511553427649243e-05
1118,48065,-1.0847924855403526e-10
1119,48085,-0.4723112693971229
1120,48089,-2.408970459008777e-14
1121,48091,0.0
1122,48097,-0.00033894847012445173
1123,48099,0.0
1124,48109,0.0
1125,48111,-0.11945448851195332
1126,48117,-0.3066272601009864
1127,48121,-0.5929440621021255
1128,48123,-0.012894617158795238
1129,48127,-9.094271436066808e-05
1130,48133,-0.00408652086868086
1131,48135,0.0
1132,48143,-0.0008820769084122548
1133,48145,-0.00048127413081740125
1134,48157,-0.049142096974547494
1135,48161,-5.293633973233843e-06
1136,48163,0.009365407140097612
1137,48165,-8.898348935119282e-06
1138,48167,6.832141690000964e-17
1139,48169,6.681733844715373e-05
1140,48171,0.0
1141,48173,-0.0012532237328282151
1142,48177,-0.23417178675920836
1143,48183,-0.15214787464982318
1144,48185,-0.05012682585518484
1145,48205,-0.003299980535695923
1146,48209,-8.105352276534553e-08
1147,48219,-0.016039155266880992
1148,48221,0.0
1149,48229,-2.5718955584354597e-10
1150,48231,0.0
1151,48237,0.0
1152,48249,-0.004166249633689497
1153,48255,0.018121857281745177
1154,48257,-0.20771315814002891
1155,48265,-3.6515886267405796e-05
1156,48267,-0.000695854903703474
1157,48269,0.0
1158,48273,0.0
1159,48281,0.0
1160,48283,-1.1640132434513441e-05
1161,48285,0.0
1162,48297,0.003894223862799822
1163,48299,0.0
1164,48301,0.0
1165,48303,-0.29641195733724873
1166,48307,0.0
1167,48309,-0.035079201081868266
1168,48311,0.0
1169,48321,0.0
1170,48323,-0.3035762120912453
1171,48331,0.0
1172,48337,0.0
1173,48347,-0.14476155637259583
1174,48349,-0.013690431549750455
1175,48353,-0.00017929770119764482
1176,48355,-0.23956188105623538
1177,48363,4.771823961610048e-16
1178,48367,0.004570887721755633
1179,48371,-0.015067100723151379
1180,48379,0.0
1181,48381,-0.22822205482988728
1182,48383,-1.0606440900509022e-09
1183,48389,0.04477325459013014
1184,48391,-0.017645708673999304
1185,48397,-0.03465266827722986
1186,48399,-0.0008343693551915607
1187,48401,0.0
1188,48407,0.0
1189,48409,0.0
1190,48415,0.0
1191,48425,0.0
1192,48427,-0.00818808208004402
1193,48435,0.0
1194,48439,-1.0
1195,48445,-0.005116556101012798
1196,48449,-0.2640785727074579
1197,48451,-0.0466040462063669
1198,48453,0.0
1199,48457,0.0
1200,48459,0.0
1201,48461,0.0
1202,48463,0.0
1203,48465,0.0
1204,48467,-0.002658016292402844
1205,48469,-0.010893033302120568
1206,48473,-1.5519890282935933e-05
1207,48479,-0.3437955211531546
1208,48481,-0.0006523917059971269
1209,48487,0.0
1210,48489,0.0
1211,48495,-4.876321631958372e-06
1212,48497,0.0
1213,48501,0.0
1214,48503,0.0003024875979867572
1215,49003,0.0
1216,49005,0.0
1217,49023,0.0
1218,49027,0.0
1219,49035,-0.9899352393196174
1220,49045,0.0
1221,49047,0.0
1222,49049,0.0
1223,49051,0.0
1224,49057,0.0
1225,50001,-6.544198966917073e-08
1226,50003,-3.9421584048859955e-05
1227,50005,-6.084876192657109e-17
1228,50007,0.0
1229,50015,0.0
1230,50021,0.0
1231,50027,0.0
1232,51001,-0.9952481964610018
1233,51003,-0.13084274065930201
1234,51007,0.0
1235,51009,0.0
1236,51013,-0.9880874419273619
1237,51015,-0.1268758318680261
1238,51023,0.0
1239,51047,-0.20260905588815792
1240,51053,0.0
1241,51059,-1.0
1242,51061,-0.370625858547932
1243,51065,0.0
1244,51075,0.0
1245,51081,0.0
1246,51085,-0.7552955462954433
1247,51087,-0.9834135448289054
1248,51093,0.0
1249,51095,-6.265280106686733e-09
1250,51099,0.0
1251,51101,-0.007072106721871195
1252,51107,-0.9991982905957506
1253,51127,8.540177112501205e-18
1254,51135,-4.4112149830346847e-14
1255,51143,0.0003938260828557188
1256,51145,0.0
1257,51147,-0.19265542908048203
1258,51149,-0.06676039283593434
1259,51153,-0.9999999998367997
1260,51161,-0.2171281441300807
1261,51163,0.0
1262,51171,-0.46354874987512434
1263,51173,0.0
1264,51175,-0.06255771457925519
1265,51177,-0.6517238443699273
1266,51197,0.0
1267,53007,0.0
1268,53009,0.0
1269,53015,-5.032737745286459e-05
1270,53027,0.0
1271,53029,0.0
1272,53035,-0.017913573961679755
1273,53037,0.0
1274,53047,0.0
1275,53057,-0.0010816472024730874
1276,53061,0.9918801739574978
1277,53063,-0.1919138226089507
1278,53071,-0.17246551927290968
1279,53073,-1.597155752125899e-05
1280,53075,0.0
1281,53077,-0.7816545519770837
1282,54007,0.0003704309680398427
1283,54009,4.697097411875662e-16
1284,54011,0.029689501426070276
1285,54025,0.0002780490725606259
1286,54039,0.03031802011137438
1287,54061,-0.0012417412722093364
1288,54077,3.8727579517215334e-08
1289,54081,0.0
1290,55005,0.0
1291,55015,0.041732167162030494
1292,55025,-0.09960706898902559
1293,55029,1.0547118733938987e-15
1294,55035,-0.13106943669842108
1295,55039,0.0
1296,55057,0.0
1297,55059,-0.871425918167055
1298,55061,0.0
1299,55063,-0.01568546777558962
1300,55071,0.0
1301,55073,0.0
1302,55075,0.019985224730872882
1303,55079,-0.9999999960130902
1304,55083,0.0
1305,55087,-0.05189948708952704
1306,55089,0.0
1307,55101,-0.9547437894017303
1308,55109,-0.01593183911220507
1309,55111,-0.102658005101021
1310,55115,0.01750631661173345
1311,55117,0.0
1312,55121,-0.023896600066699004
1313,55125,0.0
1314,55133,-0.7723994139226513
1315,55135,-0.04392176109103126
1316,55137,3.7086478297511625e-06
1317,56009,0.0
1318,56021,0.0
1319,56025,1.5713925887002215e-15
1320,56037,0.0
1321,56041,0.004833830394049559
