Date,Albany County,Allegany County,Bronx County,Broome County,Cattaraugus County,Cayuga County,Chautauqua County,Chemung County,Chenango County,Clinton County,Columbia County,Cortland County,Delaware County,Dutchess County,Erie County,Essex County,Franklin County,Fulton County,Genesee County,Greene County,Herkimer County,Jefferson County,Kings County,Lewis County,Livingston County,Madison County,Monroe County,Montgomery County,Nassau County,New York County,Niagara County,Oneida County,Onondaga County,Ontario County,Orange County,Orleans County,Oswego County,Otsego County,Putnam County,Queens County,Rensselaer County,Richmond County,Rockland County,Saratoga County,Schenectady County,Schoharie County,Schuyler County,Seneca County,St. Lawrence County,Steuben County,Suffolk County,Sullivan County,Tioga County,Tompkins County,Ulster County,Warren County,Washington County,Wayne County,Westchester County,Wyoming County,Yates County
13/01/2020,100,100,100,100,100,100,100,100,100,100,100,100,100,100,100,100,100,100,100,100,100,100,100,100,100,100,100,100,100,100,100,100,100,100,100,100,100,100,100,100,100,100,100,100,100,100,100,100,100,100,100,100,100,100,100,100,100,100,100,100,100
14/01/2020,103.06,95.74,97.75,101.25,101.89,107.29,102.3,98.82,115.49,104.47,100.75,106.85,113.99,101.72,99.58,95.26,105.71,110.42,107.07,96.69,96.07,101.89,101.92,93.16,105.34,110.17,106.76,101.7,104.53,94.86,103.78,104.81,101.64,102.58,99.47,107.5,100.23,122.49,101.93,100.56,98.8,100.23,98.18,103.71,104.29,108.77,98.9,97.88,109.12,98.38,102.24,93.09,95.6,107.97,101.5,97.68,100.48,107.95,102.91,101.24,99.11
15/01/2020,108.62,99.12,101.59,107.33,99.82,105.3,98.09,95.49,126.14,106.57,103.81,112.65,91.25,104.59,96.56,88.71,102.47,106.46,104.56,104.64,102.16,101.54,102.9,92.33,100.63,106.81,106.12,104.59,107.13,99.23,99.23,106.74,105.85,106.36,101.53,114.36,99.83,113.66,106.8,103.52,101.14,104.43,100.12,104.95,106.45,94.09,97.61,96.92,110.39,99.45,105.22,95.78,99.14,109.91,102.93,102.38,99.79,103.41,105.84,112.89,113.36
16/01/2020,105.96,94.77,101.51,105.91,101.08,96.34,98.26,100.85,111.81,97.7,106.99,107.66,89.69,107.7,98.2,91.95,97.42,106.6,99.14,111.58,95.02,102.07,108.19,86.97,105.15,105.33,105.01,105.31,107.04,103.35,99.06,105.37,100.88,107.3,100.82,104.04,98.97,108.7,105.28,106.45,104.61,110.33,100.83,108.76,106.72,94.77,102.39,97.88,91.69,101.82,105.74,96.17,101.8,111.48,105.74,103.58,93.28,100.39,107.64,94.9,107.57
17/01/2020,129.24,128.83,120.32,130.64,150.9,124.52,128.81,124.42,141.57,142.42,156.02,147.89,121.51,126.86,115.86,163.51,123.72,125.52,132.5,172.16,120.41,126.51,124.46,129.35,125.01,130.81,122.34,139.22,120.4,122.96,118.79,128.32,120.65,125.5,127.34,124.39,122.29,138.64,130.2,121.1,135.86,128.54,117.3,130.52,125.54,119.69,135.39,128.79,124.37,127.91,119.01,118.29,127.13,154.67,148.56,149.5,127.13,114.14,124.84,129.48,130.9
18/01/2020,87.45,108.65,92.53,98.48,142.42,100.59,105.6,91.88,99.21,123.43,116.53,123.36,98.14,89.34,92.77,184.55,130.59,94.12,98.28,166.33,106.76,90.69,108.62,94.89,102.74,109.39,102.15,98.78,98.92,115.13,110.73,98.22,94.14,117.32,84.46,113.78,105.43,108.85,92.02,96.59,96.81,103.61,83.68,96.38,96.12,92.86,116.85,131.64,118.36,99.1,100.56,89.7,92.3,127,105.04,138.15,98.13,95.05,93.94,98.01,111.13
19/01/2020,82.46,106.52,84.71,129.31,138.32,85.84,91.73,87.85,92.86,97.41,117.81,132.08,118.76,98.2,68.32,166.46,100.38,94.5,81.66,193.47,100.36,76.69,100.53,91.1,91.86,96.88,79.97,91.66,86.61,107.98,92.36,88.8,79.93,101.53,99.05,95.1,81.03,96.76,98.77,92.21,91.52,94.17,92.93,92.78,85.64,103.88,110.67,101.56,90.74,101.94,87.33,111.84,112.51,136.8,119.28,135.29,80.71,85.69,89.82,79.86,85.31
20/01/2020,104.04,114.58,90.77,134.79,135.65,108.3,114.33,94.84,113.65,121.09,128.22,133.21,116.82,115.05,89.97,148.89,104.78,102.92,103.17,188.48,122.29,98.68,99.63,112.94,108.58,112.38,95.66,119.67,96.28,87.73,104.84,108.5,103.46,110.85,115.58,102.42,99.83,118.8,114.39,96.4,107.2,98.02,102.49,110.83,99.89,118.56,108.67,112.96,105.61,106.33,96.99,122.18,106.76,148.79,146.17,135,116.34,99.44,102.58,112.46,109.8
21/01/2020,108.69,104.67,100.69,115.8,102.97,101.16,101.38,98.51,110.08,108.55,101.16,106.55,100.22,104.47,94.48,87.04,106.04,108.77,100.11,114.02,103.16,100.32,99.82,97.61,119.47,108.4,102.18,105.33,102.23,90.64,101.38,108.46,98.77,100.14,102.99,108.82,100.71,118.37,100.97,101.34,102.39,102.32,95.39,101.73,105.54,112.37,109.07,93.51,100.2,97.48,99.55,100.76,90.57,124.97,107.44,102.5,91.53,99.85,104.99,104.67,120.3
22/01/2020,108.37,93.66,101.24,115.21,101.18,100.28,100,107.02,109.82,106.5,105.38,112.32,91.74,103.65,96.86,90.45,99.12,104.85,98.85,101.54,107.17,100.78,103,121.35,108.65,106.41,101.92,100.84,103.84,95.43,101.94,109.48,101.83,100.32,101.36,104.33,102.64,114.89,102.63,101.02,100.33,105.95,95.67,103.71,109.08,107.65,108.47,89.76,94.75,100.25,102.54,96.1,94.85,140.06,104.57,102.8,100,100.72,103.07,101.83,111.31
23/01/2020,115.09,108.33,102.7,118.82,107.79,108.67,110.24,103.04,116.64,110.21,106.32,121.67,94.86,106.2,105.37,113.38,105,99.11,107.29,111.25,105.21,104.79,106.76,103.87,118.65,113.38,107.12,104.66,107.16,102.7,103.9,112.31,105.96,109.91,105.82,119.38,108.78,116.1,101.74,105.1,110.9,147.9,100.64,108.3,108.05,101.35,108.87,104.77,112.05,99.86,105.83,98.41,99.92,126.5,106.17,110.98,103.08,100.62,106.57,105.59,114.43
24/01/2020,131.9,135.54,120.05,149.9,145.99,132.09,131.06,118.78,127.61,135.63,129.54,180.99,117.12,126.5,119.25,150.79,126.63,124,124.55,150.71,130.91,117.19,121.09,118.14,136.73,135.23,127.47,138.81,119.38,125.13,129.74,137.09,125.11,139.61,121.8,124.45,130.95,139.3,118.59,119.35,131.31,130.64,113.31,126.71,124.37,135.49,133,136.35,130.71,122.97,123.5,123,122.25,159.51,134.43,145.56,119.32,116.01,121.61,122.45,118.34
25/01/2020,114.66,157.8,104.21,141.22,168.82,119.27,130.97,107.54,119.32,140.34,121.22,193.42,109.49,120.03,111.91,157.13,127.68,111.49,127.64,168.86,119.97,109.7,115.91,126.96,140.14,139.07,119.35,128.32,107.11,122.78,133.96,118.61,113.54,132.84,111.13,136.56,122.62,119.51,118.97,108.11,118.53,112.28,105.06,122.57,111.55,120.75,127.42,131.15,137.97,121.33,107.14,110.25,114.69,159.47,124.26,148.48,112.75,113.77,111.94,133.3,141.32
26/01/2020,84.05,105.37,83.25,107.79,126.47,92.25,102.54,86.68,99.58,96.9,110.18,149.75,96.39,95.45,78.01,133.08,105.93,85.14,106.2,152.37,104.76,80.09,95.75,93.65,100.97,109.95,81.69,92.85,82.86,98.26,95.05,90.86,80.36,100.68,97.43,97.23,101.45,93.33,97.44,90.84,89.45,91.3,92.29,90.3,82.27,93.53,102.29,103.41,96.56,91.04,86.18,104.06,95.04,123.06,114.49,115.79,95.33,90.64,89.28,91.57,113.71
27/01/2020,94.25,98.84,97.01,103.19,95.88,87.11,95.19,95.94,108.56,108.89,98.02,112.93,85.23,93.27,92.09,82.85,89.79,96.66,89.62,101.38,90.61,90.88,96.06,85.82,100.65,107.9,93.89,97.8,94.95,87.7,93.72,99.68,90.74,96.11,92.43,100.98,105.8,90.42,91.28,96.54,91.39,99.66,90.79,93.55,94.47,107.71,104.69,87.11,104.17,96.54,98.18,95.72,87,108.67,96.74,94.87,85.68,96.54,94.4,100.64,107.21
28/01/2020,102.29,102.92,97.36,108.23,107.49,92.01,99.57,98.03,111.02,108.13,97.39,123.28,84.56,97.19,96.34,87.11,93.57,91.57,101.52,99.88,97.59,96.43,97.25,104.86,107.1,111.29,98.57,96.32,101.48,91.01,96.38,104.76,93.57,100.36,94.04,99.65,107.36,96.74,96.06,95.94,99.85,101.66,92.21,100.74,96.91,94.26,109.87,88.4,106.32,91.73,100.1,89.45,97.82,109.19,100.15,98.83,91.5,98.1,98.55,112.08,121.82
29/01/2020,102.42,98.98,97.92,112.1,100.55,99.5,97.6,95.5,108.5,112.49,95.42,121.45,83.92,101.25,96.57,101.57,91.49,101.41,100.48,103.98,100.94,95.49,99.07,104.2,105.41,112.1,98.27,102.22,100.62,95.13,96.21,106.17,95.08,102.92,93.83,114.3,107.86,96.16,95.41,98.13,100.06,102.92,93.27,99.06,99.75,106.19,100.5,94.67,109.28,100.58,101.16,87.89,98.08,114.6,101.86,102.42,91.26,97.54,99.74,106.77,121.73
30/01/2020,108.24,108.93,100.11,115.56,110.25,102.63,106.71,101.08,108.24,110.3,102.4,138.43,90.88,101.67,101.92,105.82,106.86,110.21,101.77,111.89,98.01,100.96,103.07,111.87,110.35,110.25,103.44,106.05,105.14,102.22,99.52,110.72,103.75,106.81,98.63,110.09,118.57,93.01,104.84,103.5,104.47,105.32,98.18,103.99,102.22,102.92,98.8,101.52,108.59,100.44,103.43,95.19,96.96,120.84,105.45,106.92,101.51,97.05,102.42,108.43,114.16
31/01/2020,124.52,150.02,116.77,148.51,150.94,123.82,137.46,120.27,129.24,144.07,137.56,185.41,118.53,120.86,120.57,147.81,148.05,124.11,128.34,144.67,127.78,123.97,121.03,130.17,134.01,138.79,125.62,130.31,117.54,124.78,121.15,133.18,126.26,128.69,121.54,129.64,141.13,128.71,120.46,114.68,128.05,120.02,108.99,125.21,120.98,126.04,130.51,124.09,150.57,116.4,117.2,118.27,122.77,165.1,135.92,133,117.64,117.45,117.06,120.3,137.93
01/02/2020,112.66,165.11,108.23,139.74,173.04,121.41,131.75,130.55,130.5,140.54,126.88,198.56,119.2,121.27,113.42,212.27,204.17,125.62,131.24,157.73,135.23,127.9,123.25,162.98,149.37,148.03,119.6,125.14,113.28,125.15,125.09,129.17,127.81,149.78,116.59,135.58,139.6,135.12,120.88,110.31,120.23,117.76,107.73,140.8,111.94,133.07,162.71,152.65,155.11,130.18,113.65,117.95,123.94,183.02,133.9,154.21,113.42,117.45,114.71,128.95,166.87
02/02/2020,82.74,105.14,82.59,105.23,116.59,76.33,87.74,85.38,86.67,102.23,104.76,130.41,84.85,89.47,70.6,143.95,123.23,89.96,86.62,129.03,87.54,89.01,95.49,96.54,92.95,101.57,80.47,91.85,81.21,87.64,84.73,87.76,85.09,89.28,89.99,89.27,95.36,93.48,87.18,87.71,88.8,88.75,87.51,96.23,85.5,99.44,95.21,83.86,98.24,82.03,81.23,96.29,85.42,113.6,105.03,110.59,86.43,83.63,83.82,82.92,90.38
03/02/2020,96.74,101.94,99.87,108.84,98.82,94.27,101.21,93.39,112.13,112.33,97.97,124.78,97.43,97.5,91.22,89.01,111.97,98.25,97.22,102.73,93.35,100.44,98.3,94.31,97.29,102.15,94.19,101.65,95.25,91.52,95.83,100.19,92.1,93.63,93.15,107.5,109.16,94.63,93.56,97.57,97.34,97.48,92.79,92.96,94.96,106.58,104.99,91.78,102.13,98.57,96.32,90.5,94.33,110.04,106.78,98.93,102.68,91.3,95.43,97.69,112.47
04/02/2020,106.21,100.51,96.89,107.53,101.59,92.16,101.12,94.42,98.85,111.91,97.29,117.81,84.63,99.47,96.16,90.48,102.36,100.03,100.75,96.45,91.5,95.95,99.2,83.02,104.45,107.27,99.42,100.43,100.56,94.16,96.63,104.55,98.22,98.89,95.89,104.56,108.41,94.65,97.77,96.87,103.57,99,94.27,97.55,100.05,109.84,124.43,94.86,107.15,100.55,100.52,88.5,92.52,105.78,101.45,104.15,101.84,101.72,98.8,95.65,116.47
05/02/2020,103.22,101.8,98.38,109.16,100.3,92.95,102.3,96.47,104.57,109.69,98.84,128.25,78.27,97.73,96.57,95.58,93.25,104.57,96.14,95.85,102.24,101.62,100.03,97.77,113.18,106.93,101.17,97.25,100.18,96.98,98.79,107.74,98.34,99.37,93.77,106.34,107.18,95.47,96.18,98.41,100.53,108.37,91.17,99.27,98.22,115.64,107.78,89.66,106,105.32,100.31,84.91,90.04,111.72,99.07,103.63,92.55,100.1,98.81,93.93,123.42
06/02/2020,98.54,101.2,103.55,111.46,108.36,88.37,98.94,89.08,109.66,99.24,93.13,126,87.35,98.02,100.66,97.68,96.87,81.02,90.83,101.95,91.42,86.28,106.91,85.82,94.01,108.38,101.63,98.16,108.06,104.86,97.28,100.46,97.77,93.52,95.11,106.63,100.85,92.49,97.7,104.84,94.37,107.14,97.46,95.6,96.65,89.31,105.18,79.69,95.79,99.79,104.13,89.72,87,118.76,100.57,89.27,80.46,93.18,102.23,84.21,101.42
07/02/2020,112.18,104.81,115.95,103.17,124.59,78,109.87,84.8,93.02,94.8,117.57,134.91,99.59,118.43,105.38,138.58,90.72,95.6,90.45,134.55,104.51,78.69,119.12,90.85,101.23,96.12,92.21,119.36,114.2,127.74,104.69,88.36,80.5,86.32,112.61,94.12,94.41,100.24,121.82,115.53,110.16,120.99,107.23,103.87,105.73,104.33,89.43,80.48,90.19,90.46,113.43,103.47,77.56,106.14,124.16,125.21,96.02,77.83,117.18,95.54,96.17
08/02/2020,111.27,141.69,110.73,137.22,157.56,103.28,124.38,108.1,130.97,126.85,127.56,198.06,112.5,121.94,106.85,174.48,137.23,124.42,113.99,156.58,116.75,114.46,129.62,127.21,129.54,138.95,110.63,121.15,112.2,135.69,117.54,119.8,112.05,137.69,120.89,119.38,125.46,126.68,121.05,113.27,117.09,118.37,108.1,125.86,113.44,133.86,141.87,134.89,130.51,110.67,114.77,119.97,117.44,148.06,127.8,163.15,110.94,107.16,115.18,126.96,138.74
09/02/2020,89.42,108.19,86.47,113.26,134.38,94.33,106.97,89.03,102.41,107.64,116.71,161.18,103.8,94.71,80.71,181.48,137.62,98.38,94.72,160.6,112.99,97.77,103.42,112.37,108.33,117.87,85.55,102.49,84.9,103.3,97.26,95.42,89.88,107.26,95.59,101.33,98.66,109.11,100.01,92.56,99.74,91.86,93.26,100.92,91,115.47,143.27,109.08,113.03,99.01,86.95,99.9,108.94,118.57,116.67,143.68,93.43,95.97,90.2,92.64,139.8
10/02/2020,98.48,103.66,101.52,108.95,104.01,95.99,102.63,94.89,105.83,112.33,95.16,125.75,86.6,101,95.48,108.87,117.19,103.95,97.42,103.59,97.29,99.42,102.32,89.61,107.91,111.23,99.84,99.74,99.01,94.76,96.96,103.72,97.86,101.99,94,105.19,109.84,94.8,95.28,102.85,95.37,104.3,93.74,101,96.77,99.38,111.96,100.17,118.01,101.04,98.48,85.11,95.11,112.66,94.84,125.3,92.31,101.08,98.68,101.24,128.58
11/02/2020,108.66,109.21,103.76,115.12,104.82,98.51,103.84,100.22,114.75,118.09,102.25,129.74,89.84,102.11,101.34,91.26,102.03,109.15,107.18,102.83,100.5,106.11,103.15,123.33,116.19,120.68,102.44,109.49,103.58,100.37,100.69,109.93,103.15,103.52,97.07,110.03,109.58,95.81,101.69,102.38,102.09,108.49,98.51,106.19,101.64,100.9,110.07,96.02,107.25,108.32,102.24,91.36,94.51,115.18,107.34,113.37,98.73,101.46,104.76,112.24,126.8
12/02/2020,109.98,107.22,103.42,116.28,108.53,98.6,109.75,104.29,113.65,118.76,107.12,132.63,91.92,104.4,103.06,105.79,103.68,115.85,108.29,110.02,105.18,108.23,104.9,109.23,105.94,115.43,105.69,103.27,105.64,101.32,103.48,111.8,103.99,110.2,101.86,105.54,112.78,97.95,99.37,103.27,107.27,105.27,98.4,106.35,103.81,108.16,102.69,100.86,122.93,102.7,106.74,95.55,95.38,123.87,106.85,107.51,103.77,107.05,104.15,108.75,133.3
13/02/2020,115.25,102.82,109.16,126.68,117.14,99.34,110.8,103.15,116.96,120.37,104.63,147.78,90.96,109.7,110.14,117.8,105.27,107.63,106.57,110.84,102.22,119.51,114.05,108.66,118.31,121.66,109.99,108.44,112.51,111.18,104.86,118.43,110.19,111.11,110.1,116.72,116.53,106.07,104.59,114.6,110.03,114,102.88,108.46,108.52,110.24,104.89,105.83,119.49,102.73,110.57,101.2,98.38,126.09,113.01,110.26,94.51,96.25,110.05,98.71,130.28
14/02/2020,149.38,163.95,133.75,174.62,168.48,132.31,153.8,132.46,146.51,163.46,171.93,219.87,136.92,134.01,129.31,201.7,141.35,124.83,134.35,193.25,152.89,144.01,140.51,153.75,161.79,150.08,131.45,151.91,131.8,146.48,132.46,145.64,135.02,140.01,137.31,133.16,145.31,144.94,133.58,134.1,144.68,135.5,127.69,134.82,133.4,145.16,151.94,149.11,152.78,140.3,126.7,132.41,129.65,183.08,145.68,179.57,137.87,121.09,136.7,134.69,178.01
15/02/2020,122.18,143.68,113.52,158.89,200.9,132.53,170.84,121,160,166.18,170.81,225.53,152.1,137.47,115.77,252.72,164.8,119.09,135.01,216.92,143.17,124.72,128.09,159.69,156.1,155.12,122.56,140.82,108.58,141.72,154.9,134.09,129.81,154.1,126.79,146.71,141.5,163.57,125.86,115.43,124.64,118.9,114.16,133.72,120.75,171.88,200,194.3,146.5,138.89,111.32,140.86,131.87,200.26,151.27,194.8,129.24,112.77,112.83,135.45,200.18
16/02/2020,98.01,118.14,91.32,128.36,164.86,102.37,137.72,94.86,125.62,128.93,146.08,189.1,137.77,114.42,89.65,224.57,152.17,106.05,114.88,208.81,132.73,104.83,109.3,136.85,124.92,127.69,90.05,117.59,85.51,119.17,125.11,106.73,96.64,113.21,111.3,105.54,113.21,129.87,107.59,97.77,98.12,97.82,98.39,106.47,92.92,144.43,159.72,134.1,123.78,119.5,89.99,142.02,115.78,159.71,143.94,167.21,105.06,100.28,91.12,112.51,157.88
17/02/2020,111.32,119.48,96.78,127.47,145.51,109.66,124.71,105.44,127.14,142.48,151.54,175.28,127.28,117.94,100.69,194.54,135.53,109.49,117.43,227.61,129.08,116.55,106.68,136.69,128.31,123.98,101.35,119.29,96.31,105.53,118.13,119.54,105.46,119.81,122.91,103.46,123.15,124.95,117.28,101.85,119.48,101.44,108.84,116.05,105.83,144.32,135.39,120.71,142.67,115.87,101.23,141.51,113.19,144.43,174.81,164.4,115.28,100.59,103.45,125.3,140.52
18/02/2020,105.91,109.81,101.35,114.83,116.24,100.18,112.15,102.18,125.14,117.71,112.26,149.03,101.34,104.51,100.18,139.59,111.48,102.1,117.27,133.96,103.93,100.55,104.7,94.97,123.53,112.74,108.84,116.47,102.79,101.68,105.02,106.25,101.2,109.23,101.54,116.55,114.17,114.5,105.3,104.02,102.11,105.67,100.25,102.61,101.76,110.63,125.22,111.63,115.5,114.65,105.55,105.98,105.04,136.06,110.23,119.15,93.61,102.9,102.72,113.75,127.25
19/02/2020,114.17,135.22,103.5,121.52,129.59,106.37,117.7,103.87,118.48,124.28,119.54,158.91,100.89,110.78,106.34,142.05,117.19,117.78,115.17,131.78,120.99,107.7,108.05,120.12,128.45,124.98,108.27,114.82,107.29,106.02,107.19,117.42,106.83,118.53,106.31,116.09,118.49,122.99,105.63,105.73,106.67,109.43,101.64,112.14,110.24,121.26,130.61,113.85,127.43,110.88,110.01,115.29,104.62,133.32,118.17,134.99,111.28,108.39,105.21,113.53,134.73
20/02/2020,115.94,130.96,104.6,131.76,137.24,112.85,116.85,104.61,123.99,134.4,126.99,176.64,113.92,112.03,107.27,164.2,128.61,120.39,123.92,142.41,120.22,111.6,108.02,116.9,135.38,126.49,112.55,122.08,106.84,111.83,114.3,120.27,110.17,120.72,108.62,125.2,118.54,124.5,107.69,107.05,113.44,110.18,103.72,115,112.01,128.97,119.44,119.45,127.27,121.03,108.56,122.66,104.1,146.78,121.56,139.29,114.35,110.26,105.1,134.43,143.1
21/02/2020,132.54,157.52,120.31,166.92,183.53,132.18,147.04,123.06,150.13,158.32,151.44,229.16,144.62,134.82,123.5,199.87,161.07,127.3,145.02,191.77,152.62,125.29,122.21,145.01,155.1,162.56,132.37,149.02,117.94,132.35,139.76,145.41,132.86,148.23,128.55,134.31,149.15,154.5,126.95,118.06,133.2,124.22,135.85,129.78,127.26,158.72,153.04,156.3,146.01,141.54,118.32,132.46,129.95,181.46,153.88,176.37,133.89,122.06,122.49,137.43,171.68
22/02/2020,119.43,172.79,118.45,166.58,201.57,131.15,156.26,129.83,146.4,158.36,159.58,216.95,133.12,138.86,117.08,197.25,178.31,124.72,140.97,195.73,138.63,127.07,131.21,147.65,169.63,157.09,124.31,133.91,110.87,140.44,146.33,138.24,127.31,150.34,135.41,140.54,139.2,151.93,128.89,118.06,124.78,122.28,114.11,128.93,121.73,157.76,198.8,181.48,151.88,141.8,114.64,135.34,154.19,171.26,149.65,172.7,118.96,118.42,116.59,154.51,199.11
23/02/2020,94.13,126.01,93.02,127.77,142.26,103.59,120.33,96.94,122.83,125.26,129.32,173.89,124.75,109.41,86.9,162.53,136.3,98.18,114.64,178.98,120.13,97.41,106.36,123.17,128.21,118.59,90.67,110.64,85.72,103.3,107.46,104.09,100.17,113.97,109.47,109.34,112.55,123.76,103.07,95.76,102.17,94.43,101.96,99.4,93.64,132.11,142.47,136.22,120.87,110,88.6,120.24,118.26,124.63,134.07,141.16,113.42,97.64,96.5,119.92,126.09
24/02/2020,108.03,109.67,102.99,111.22,105.48,102.36,107.57,98.34,103.25,109.47,94.59,130.24,93,101.47,96.69,99.84,119.44,102.24,98.02,103.96,102.63,102.02,102.51,94.23,110.07,103.8,99.52,103.25,99.11,94.35,99,107.33,99.91,102.62,101.27,114.76,111.18,105.42,97.76,101.62,101.18,101.99,97.61,101.51,101.3,111.81,108.67,97.58,111.14,104.81,102.01,103.45,99.36,111.88,108.24,109.69,99.73,97.79,99.89,114.12,130.54
25/02/2020,109.66,111.99,104.53,120.01,110.88,107.71,111.55,100.97,114.23,119.57,103.16,137.49,103.46,103.98,101.37,83.74,111.64,116.16,105.28,98.85,111.46,105.95,103.5,102.56,113.41,117.46,105.5,112.19,105.69,97.46,102.5,114.76,105.01,102.99,100.08,113.55,112.54,107.19,101.59,105.13,106.32,105.39,97.42,103.95,108.19,111.19,117.55,106.46,114.91,105.08,104.42,98.24,109.32,128.07,102.35,102.8,95.99,102.8,101.86,113.64,129.3
26/02/2020,113.57,112.08,108.2,122.39,107.63,111.47,107.05,105.96,117.48,117.29,104.18,140.23,94.57,105.26,111,95.19,108.68,116.88,116.16,97.56,110.86,107.24,105.74,111.46,113.46,117.5,113.13,108.99,106.28,100.31,100.96,115.02,108.15,110.57,102.42,111.65,118.62,102.55,101.38,104.86,105.57,111.59,98.42,105.14,110.33,112.15,113.16,102.39,117.99,105.2,106.1,96.63,105.52,117.59,103.93,105.49,107.15,108.37,103.9,109.77,144.26
27/02/2020,113.06,96.9,109.89,117.03,94.88,97.88,86.26,98.98,111.92,117.69,106.79,132.38,87.9,107.22,83.24,104.29,95.72,109.8,81.24,107.49,97.95,65.47,110.24,72.88,109.88,104.06,109.85,113.46,109.33,107.15,86.98,103.39,102.89,100.85,107,87.72,93.13,100.41,103.44,110.15,108.34,111.64,107.81,107.07,111.4,101.57,107.98,94.3,98.95,105.87,108.07,91.97,105.37,120.67,108.99,110.05,97.35,99.18,106.93,69.5,118.25
28/02/2020,137.62,156.18,130.8,161.3,149.84,129.05,130.79,130.28,145.67,161.51,138.06,201.28,117.19,136.06,117.84,144.99,126.41,124.38,122.12,161.14,134.7,89.94,129.61,95.55,152.18,139.63,131.51,150.41,127.84,131.44,117.67,133.29,132.63,147.33,131.71,128.26,131.56,137,131.45,126.23,139.87,134,127.35,130.31,131.28,141.96,153.24,143.31,135.17,135.16,124.57,121.51,128.45,167.31,144.72,149.46,129.91,119.63,126.71,116.11,182.64
29/02/2020,128.15,147.76,123.17,160.33,159.49,129.44,140.1,135.64,143.88,167.79,147.63,202.16,120.84,141.38,121.42,170.35,138.71,131.74,134.94,171.44,141.07,114.33,134.78,148.72,149.77,148.67,129.92,145.22,122.76,133.45,135.66,140.98,132.98,157.96,128.56,141.52,137.68,146.23,128.1,121.44,133.79,128.04,116.56,135.51,129.85,169.01,172.78,180.32,154.09,136.09,120.82,131.19,136.53,191.5,146.04,165.15,127.95,130.81,122.21,131.9,171.59
01/03/2020,95.13,119.81,94.41,132.03,137.3,99.39,130.67,102.92,115.54,128.17,119.75,175.39,119.58,113.63,89.25,160.18,110.82,101.03,109.03,171.46,117.7,98.61,106.46,124.48,124.97,123.15,94.8,115.15,89.9,99.76,107.05,110.52,98.98,119.42,107.43,108.77,113.32,115.48,103.19,97.18,106.09,106.46,101.33,103.01,97.08,124.47,136.59,127.34,109.3,115.2,90.77,120.39,122.96,141.43,131.15,133.51,106.99,107.88,95.66,118.21,128.14
02/03/2020,104.02,112.36,111.02,114.88,104.33,101.73,116.11,109.69,115.8,130.56,101.31,132.38,94.34,104.7,104.92,94.86,98.46,103.51,105.2,107.29,106.84,101.32,105.42,108,126.13,111.07,103.54,108.56,101.24,96.3,107.34,108.26,102.61,111.85,102.51,114.82,115.74,104.81,96.65,103.05,103.16,101.94,98.45,103.77,106.06,120.25,128.12,102.02,113.55,105.32,103.28,95.95,94.29,112.07,107.21,109.99,99.07,105.47,102.19,108.49,149.78
03/03/2020,112.09,129.94,106.93,121.55,105.37,104.77,117.43,109.73,118.16,135.22,106.47,138.01,87.98,105.48,107.71,87.5,111.59,106.74,111.48,97.56,106.15,104.43,108.1,103.3,125.13,121.36,109.44,112,109.33,98.74,112.02,114.09,106.69,108.84,103.81,112.34,116.24,107.08,109.06,105.1,109.85,105.83,101.48,106.72,109.99,107.31,120.74,101.66,114.38,110.47,106.42,95.19,106.99,116.72,105.55,110.97,102.74,106.8,104.69,113.48,144.88
04/03/2020,111.97,121.84,108.9,137.58,110.55,111.4,114.7,105.83,120.79,127.83,103.16,141.4,96.76,108.54,108.38,96.07,112.9,118.47,112.98,96.98,106.9,106.33,111.91,104.29,119.58,118.43,111.38,113.72,109.39,103.39,107.39,115.35,109.01,115.32,109.5,118.57,118.58,111.18,103.46,106.67,106.61,112.06,103.25,107.78,109.87,114.12,121.14,105.96,119.79,108.27,109.03,104.23,107.07,124.29,109.71,110,108.08,112.27,105.95,111.98,136.15
05/03/2020,118.74,124.25,113.32,129.15,118.62,108.34,118.04,114.56,120.21,133.86,110.73,161.51,98.36,114.64,115.86,109.78,109.06,118.12,117.69,111.74,111.74,105.46,116.17,124.15,123.23,124.3,117.07,121.75,113.5,110.85,115.41,120.96,115.33,115.82,111.07,120.13,125.6,118.26,108.34,110.04,114.38,112.29,105.2,114.38,114.02,117.21,119.84,120.64,129.21,114.62,113.11,107.03,109.47,138.15,114.95,129.44,111.34,109.88,109.3,111.98,141.05
06/03/2020,137.03,154.6,128.64,146.34,138.36,125.44,148.64,127.87,147.98,151.02,146.78,212.71,137.85,129.5,125.79,151.44,142.61,127.75,138.48,151.12,142.12,125.22,130.74,123.66,150,144.39,129.57,156.74,121.67,125.92,129.28,133.01,128.79,137.76,131.74,133.33,146.67,149.47,127.13,123.14,133.88,128.94,118.69,128.62,127.82,137.68,135,137.84,145.52,142.44,122.91,124.93,130.67,173.75,141.69,150.5,127.71,118.52,123.33,137.33,162.15
07/03/2020,121.45,130.12,121.1,147.45,165,136.38,146.78,136.54,148.4,172.84,141.54,271.28,123.74,137.12,129.27,167.96,160.63,120.91,146.2,174.6,141.68,127.35,138,156.39,159.72,149.56,131.38,132.05,118.93,132.34,144.36,144.62,134.09,154.56,131.23,148.67,153.56,119.88,122.86,120.11,125.16,127.4,114.16,130.56,124.56,151.86,165.8,184.46,138.41,129.32,122.08,134.28,131.38,193.5,140.75,156.66,123.39,126.65,114.95,153.01,179.25
08/03/2020,93.99,118.83,94.19,142.59,136.36,109.98,125.27,100.97,122.73,136.45,125.5,199.22,136.84,113.32,94.21,166.72,113.78,95.19,123.19,166.76,115.48,102.4,107.54,116.82,135.38,127.81,93.59,116.52,88.29,99.64,115.77,105.67,99.07,120.16,109.89,116.84,123.75,99.31,106.81,95.13,99.53,99.27,98.17,100.06,94.12,127.11,164.21,150.73,110.78,116.73,92.43,126.03,110.41,151.21,134.88,127.78,99.43,108.57,91.93,127.23,144.08
09/03/2020,105.52,95.28,108.89,122.95,111.18,111.17,118.91,107.98,115.12,118.11,110.12,141.73,90.4,108.15,103.76,116.88,98.57,117.19,109.86,104.17,99.56,107.19,108.69,92.66,122.67,117.08,105.33,112.91,104.04,100.97,109.68,114.77,106.69,111.83,104.14,121.57,123.25,90.05,107.78,104.75,103.07,108.11,98.71,104.2,105.41,109.51,135.89,114.91,107.39,110.12,104.66,98.98,106.16,118.72,110.56,111.57,101.63,107.64,99.16,114.72,137.76
10/03/2020,105.71,99.03,103.64,113.3,115.94,104.2,120.45,103.5,113.81,118.25,106.24,124.45,96.24,102.92,103.26,101.96,109.5,109.7,102.73,98.25,105.73,99.53,103.53,92.17,114.06,110.67,105.39,101.65,102.91,95.04,108.35,110.05,105,108.77,101.65,106.46,117.62,92.36,102.21,99.45,102.4,104.53,99.37,103.17,101.83,117.15,124.03,108.15,115.5,108.6,104.15,94.06,103.72,109.77,105.01,103.94,98.64,106.72,104.11,105.42,132.86
11/03/2020,105.72,97.69,100.13,120.91,106.18,110.77,112.05,105.42,115.8,114.21,101.96,128.86,91.55,99.99,104.1,99.87,108.29,111.38,105.6,100.25,105.62,103.45,103.56,90.52,122.83,118.19,106.44,107.93,100.23,88.53,104.5,113.72,110.91,110.37,100.11,110.5,123.25,86.47,97.34,99.75,102.64,103.8,93.01,102.67,104.6,117.66,119.64,102.92,113.8,106.65,109.78,97.07,101.77,109.39,100.65,100.03,112.93,106.82,96.79,123.58,129.65
12/03/2020,102.73,97.04,95.87,128.63,107,116.15,114.5,105.52,112.86,129.71,105.11,158.68,92.22,100.22,102.62,103.17,113.01,104.4,114.75,102.79,103.41,105.5,100.82,87.06,119.42,114.97,102.34,113.12,94.78,79.11,101.67,105.24,105.41,112.3,97.05,113.49,123.11,84.14,95.41,96.07,98.11,96,90.11,97.95,102.11,122.33,109.17,110.7,114.24,106.66,98.41,90.8,114.81,110.63,103.71,101.31,101.03,111.03,89.2,114.02,143.46
13/03/2020,106.67,120.64,107.15,150.86,125.35,117.64,138.46,116.24,125.51,130.24,119.92,189.71,120.88,109.49,109.75,125.85,120.7,112.65,125.17,125.52,118.42,118.76,110.31,112.61,139.03,137.92,110.83,144.79,101.84,77.37,112.6,119.87,116.46,124.29,107.17,133.79,141.92,97.5,105.86,105.21,105,106.16,98.07,105.19,108.5,129.87,128.51,132.41,133.85,121.46,107.95,114.14,116.2,136.71,117.36,113.93,103.62,107.52,96.23,128.46,146.84
14/03/2020,84.84,117.03,94.53,132.87,124.38,113.68,125.67,109.64,117.95,131.09,110.12,119.76,112.77,98.65,96.86,113.68,107.58,104.64,113.16,129.25,103.66,110.89,97.5,104.7,114.39,113.57,96.28,118.59,90.28,62.72,109.99,100.62,97.55,112.2,98.94,114.53,120.52,82.39,102.97,91.29,96.27,93.7,87.77,94.64,93.4,106.24,147.16,132.04,109.42,115.25,102.08,117.65,110.07,147.19,112.16,121.03,102.62,104.47,86.46,118.1,146.22
15/03/2020,64.1,88.29,71.81,104.77,102.65,88.92,94.89,78.03,92.91,84.74,92.84,91.7,95.68,76.43,64.68,100.65,77.16,80.98,83,115.25,90.7,79,73.42,77.66,82.88,100.3,67.96,97.44,64.79,43.53,74.85,76.33,69.09,77.11,80.02,90.02,85.3,67.62,78.03,69.89,76.15,67.93,71.21,75.03,69.58,96.12,116.35,97.58,79.98,86.04,72.7,98.2,85.91,122.52,94.2,94.22,83,81.32,64.09,90.76,92.88
16/03/2020,74.52,76.96,78.25,103.94,87.24,95.75,101.44,89.25,108.35,93.63,87.44,86.6,81.95,80.06,74.06,65.35,86.6,86.49,87.48,90.64,88.15,92.29,77.34,94.48,85.01,99.2,78.17,95.98,75,40.83,79.66,87.31,80.42,81.97,78.81,99.6,98.01,68.23,79.25,74.57,79.03,73.82,71.32,83,77.76,86,94.12,86.35,96.72,89.65,82.3,86.33,88.43,109.3,83.13,89.11,87.61,85.32,69.34,88.35,93.77
17/03/2020,64.41,73.11,72.66,102.44,76.75,76.05,96.98,82.27,98.37,83.85,81.69,85.99,75.47,70.53,65.38,59.13,82.48,84.59,76.65,79.41,83.13,82.83,71.3,76.75,76.45,80.43,69.84,82.46,65.92,33.97,69.66,77.21,69.48,73.21,70.21,89.91,86.3,63.82,68.56,68.32,72.41,69.22,63.73,72.3,71.03,85.26,80.16,69.25,85.33,85.4,72.68,79.66,79.29,88.04,74.55,69.48,78.53,78.45,61.87,87.33,86.91
18/03/2020,64.44,79.18,71.29,101.75,75.3,83.95,94.71,78.53,90.45,84.52,86.97,84.16,85.6,76.11,63.15,59.78,73.81,84.32,75.65,82.18,84.77,79.68,67.26,80.38,75.75,81.05,67.15,84.3,67.61,31.1,66.82,77.42,69.33,73.05,73.77,101.85,84.67,65.66,73,64.93,73.17,67.68,67.24,74.32,74.47,83.3,92.52,76.01,84.1,79.06,76.17,82.34,85.04,81.11,83.76,72.55,78.32,80.27,62.53,81.2,99.91
19/03/2020,61.83,81.03,66.68,89.2,79.42,85.29,90.32,75.77,85.25,77.37,75.77,84.38,76.63,66.86,62.87,53.14,67.93,78.58,76.38,80.27,83.11,78.19,64.49,68.92,88.54,78.34,67.58,88.36,59.04,27.6,67.69,74.12,67.96,67.94,68.03,87.66,81.88,67.82,63.08,59.81,67.46,64.9,58.12,68.68,69.51,81.83,95.21,73.86,90.09,82,66.67,76.88,75.42,71.2,72.05,64.49,77.6,81.48,56.3,91.14,86.46
20/03/2020,66.09,81.91,70.78,96.7,75.28,84.2,85.83,80.99,87.61,77.66,85.47,94.28,87.01,75.42,64.62,51.87,68.59,81.46,75.76,86,81.2,84.45,68.7,83.51,83.02,79.6,72.67,88,65.13,28.71,67.17,76.93,73.85,71.07,71.27,93.54,88.59,69.22,72.71,62.12,74.01,68.79,60.89,72.87,76.61,80.48,88.73,76.97,98.68,84.61,74.21,80.03,76.74,73.21,76.78,74.4,86.37,82.3,62.67,76.37,104.63
21/03/2020,55.37,82.23,56.76,86.7,76.87,70.01,73.19,68.12,81.52,73.11,79.76,91.29,89.02,67.55,52.7,61.29,63.04,75.69,67.45,83.76,75.74,72.98,53.94,82.44,80.63,77.29,61.43,80.98,53.53,22.87,56.02,66.55,61.1,61.21,63.79,81.03,73.48,67.71,68.67,50.77,65.04,57.4,53.71,65.37,65.1,81.95,75.57,65.08,90.4,73.47,64.83,82.49,69.67,63.1,72.59,73.15,76.06,69.49,54.57,87.54,79.88
22/03/2020,42.02,62.98,40.68,60.53,61.77,55.89,59.52,49.67,62.05,56.02,68.06,65.4,69.97,50.93,41.03,47.12,45.96,59.66,54.39,73.23,58.68,56.85,39.82,59.93,63.55,58.44,46.08,60.8,36.88,17.36,48.69,49.27,44.1,49.3,47.88,63.73,60.69,54.65,52.09,36.18,49.18,40.51,41.03,52.13,47.5,78.18,60.12,47.12,59.1,55.36,44.42,63.57,57.35,54.68,59.58,59.45,54.84,60.91,39.41,82.44,60.46
23/03/2020,41.72,51.78,45.18,54.38,53.23,49.43,55.8,52.13,66.77,56.31,51.97,54.72,47.75,43.74,44.04,42.57,51.4,58.22,50.02,51.61,54.69,54.01,41.72,61.25,52.85,60.59,46.73,61.11,37.93,18.33,48.09,50.76,44.07,46.34,43.23,66.67,54.5,50.66,42.71,38.62,46.44,42.44,36.34,46.52,48.38,56.69,52.24,43.54,55.39,52.43,44.36,47.49,58.36,44.4,45.56,52.77,57.82,54.93,36.79,57.3,64.11
24/03/2020,46.68,62.29,49.38,61.34,61.01,61.01,63.95,57.9,67.09,66.9,59.79,63.43,60.03,55.24,48.57,39.07,52.83,64.31,55.2,59.91,55.47,57.24,47.62,59.6,55.45,53.22,51.2,60.85,46.67,19.63,52.45,57.37,49.08,50.66,51.18,67.94,66.04,52.1,54.5,42.97,50.98,49.15,48.05,50.71,55.2,65.19,57.43,47.12,62.64,59.1,56.03,60.3,58.47,47.86,59.53,49.07,60.78,65.08,45.31,65.95,77.29
25/03/2020,47.67,56.73,47.51,62.16,63.71,63.77,70.73,60.08,73.65,66.88,61.54,68.81,57.09,52.78,52.66,41.82,55.08,67.13,59.76,59.91,63.94,62.55,44.8,61.09,64.01,56.95,54.63,61.07,42.6,18.54,57.15,59.92,52.46,54.89,49.52,69.67,65.69,53.16,49.24,40.01,52.95,46.14,41.95,53.55,56.71,73,73.68,53.15,62.05,56.4,50.76,57,66.55,51.2,57.42,54.5,60.87,66.91,41.39,70.19,85.13
26/03/2020,52.64,76.12,50.74,66.18,64.91,69.09,71.28,68.97,78.43,68.82,66.6,71.95,75.59,61.14,55.11,41.43,66.78,73.42,62.81,67.99,66.27,65.58,48.47,77.41,76.82,66.5,58.72,65.3,47.25,19.61,60.69,65,57.36,60.02,56.9,90.66,73.53,61.08,59.31,42.94,60.34,51.09,48.67,60.01,63.46,76.49,98.01,58.58,58.71,64.74,57.9,68.15,67.08,66.49,66.55,57.49,67.59,69.8,46.07,97.69,90.56
27/03/2020,60.68,65.94,57.25,75.22,71.68,76.79,75.59,73.86,83.04,75.14,72.42,72.61,74.66,65.39,62.29,47.19,76.61,88.34,70.72,74.28,77.62,72.21,52.47,96.13,76.96,72.49,67.02,78.54,52.15,21.87,68.57,70.78,63.29,63.4,61.61,98.33,80.12,59.75,62.43,46.52,69.68,57.95,51.6,69.1,71.47,80.82,78.46,63.15,68.6,70.84,63.54,68.65,69.15,61.26,71.46,71.16,78.69,80.78,52.08,98.28,87.71
28/03/2020,47.7,54.33,44.53,61.34,58.94,62.74,62.58,59.53,76.17,68.6,63.21,66.79,68.4,51.19,47.96,50.49,65.95,73.31,55.23,61.77,61.12,69.94,41.43,85.08,59.81,61.6,52.61,66.01,38.42,17.8,53.55,55.76,48.65,49.26,47.11,95.5,67.68,56.01,48.25,36.6,57.12,45.92,37.37,59.08,55.95,79.13,69.29,54.17,59.91,52.66,48.75,61.15,52.61,49.39,55.18,61.81,69.07,63.24,40.55,59.77,77.65
29/03/2020,36.56,55.62,37.42,50.73,54.12,56.52,54.08,50.74,53.28,45.77,49.63,55.16,57.05,40.26,41.43,34.33,45.58,52.54,49.97,49.89,49.18,51.43,36.04,51.85,50.97,47.09,45.81,54.18,32.2,15.54,47.29,44.92,41.51,48.06,39.87,85.76,55.86,45.93,34.83,31.19,41.82,37.59,33.32,43.63,41.66,51.41,76.97,49.5,43.54,47.5,37.63,53.46,50.21,45.66,44.1,44.69,45.67,52.47,32.15,70.35,62.07
30/03/2020,47.64,56.04,48.42,64.09,51.59,67.38,64.1,59.87,67.56,59.97,60.89,60.38,58.95,51.2,46.57,44.08,63.43,65.34,57,58.88,57.55,59.8,44.97,58.94,59.21,54.78,51.61,63.1,42.21,18.49,49.88,53.7,49.61,51.79,47.56,87.31,67.22,47.81,50.06,39.68,54.01,45.67,43.26,51.59,54.76,62.88,66.8,49.6,65.72,56.93,50.32,57.14,58.17,49.79,53.88,54.26,59.42,63.63,40.24,70.14,78.63
31/03/2020,50.41,59.93,49.1,64.61,62.58,67.43,65.85,64.62,74.54,69.15,64.07,63.29,56.23,53.22,49.62,38.58,68.64,73.28,62.04,59.04,69.62,67.18,44.32,70.73,62.83,61.17,54.4,63.65,42.5,18.28,54.38,61.79,53.65,54.62,49.87,92.33,72,48.78,50.86,40.01,57.21,47.15,41.89,56.75,58.84,78.52,83.75,53.81,64.28,59.91,51.84,57.63,57.84,56.28,55.15,60.23,69.28,63.98,41.78,71.21,92.43
01/04/2020,52.36,74.78,49.86,71.62,67.14,76.79,69.86,65.39,74.07,69.24,66.4,74.78,59.25,58.14,54.3,44.47,66.78,85.66,62.66,61.22,69.59,69,46.57,73.12,68.75,63.32,59.04,72.59,44.24,18.44,62.29,63.72,57.04,58.2,53.13,90.48,74.7,49.86,54.77,40.21,59.4,48.78,44.73,62.54,63.3,73.51,75.97,56.03,64.02,60.61,54.77,62.37,66.07,56.45,60.32,63.18,70.91,75.96,43.91,78.09,86.91
02/04/2020,51.18,69.46,49.33,67.78,68.89,76.07,69.3,64.56,73.54,63.1,66.9,71.12,67.06,54.75,55.51,41.72,66.5,78.44,62.65,63.81,65.44,67.99,46.4,76.01,69.49,65.15,60.87,67.61,44.47,18.28,61.68,65.05,55.43,59.59,53.43,83.56,74.31,54.85,54.28,40,59.91,49.2,45.47,59.45,64.6,75.98,74.28,59.08,63.84,61.27,53.81,65.55,65.84,59,60.81,58.53,72.08,69.45,43.46,88.45,81.3
03/04/2020,55.3,76.91,52.93,74.47,73.92,72.24,74.52,75.03,83.57,74.38,65.75,75.31,64.68,58.87,61.31,42.93,65.13,80.16,66.22,67.46,69.93,72.5,48.65,84.58,69.05,65.84,66,72.68,47.2,19.82,66.7,66.92,61.36,63.1,57.47,97.75,77.37,56.68,57.36,42.8,64.13,53.52,47.21,65.13,68.34,69.91,77.17,61.96,71.01,64.83,55.46,70.23,69.56,55.59,62.03,67.73,72.2,81.02,45.99,83.4,94.03
04/04/2020,53.28,75.57,47.6,69.21,85.81,78.42,78.53,65.2,73.81,72.48,77.65,71.89,68.92,59,58.03,52.03,70.07,81.16,62.78,76.39,69.68,81.72,44.22,87.47,72.58,71.22,60.41,65.25,45.56,18.3,63.51,63.61,58.46,61.75,54.36,96.71,77.17,54.76,55.81,39.29,64.34,51.14,42.29,67.42,63.82,81.72,94.22,67.83,70.77,63.06,57.17,64.98,62.12,63.61,67.42,71.84,78.84,82.74,46.74,116.06,103.29
05/04/2020,41.04,58.95,40.34,57.97,63.18,59.2,55.1,55.2,63.73,54.77,58.6,56.85,57.24,47.83,45.08,38.91,45.19,66.37,51.93,59.56,59.98,57.16,38.89,73.78,57.54,58.58,49.28,53.56,36.78,16.39,56.04,49.89,46.77,49.19,46.35,86.1,66.23,43.43,46.35,33.49,51.71,41.64,40.31,56.26,49.23,69.18,77.67,50.7,47.95,50.72,43.95,58.04,58.55,51.36,54.43,57.46,59.78,69.11,37.74,94.52,78.45
06/04/2020,52.8,70.25,51.02,70.92,71.41,74.21,72.5,72.54,88.29,65.71,69.2,68.26,66.73,57.81,54.12,46.79,67,79.13,61.21,66.45,69.12,67.87,47.34,71.81,77.19,70.24,60.66,66.59,46.16,18.31,64.18,68.26,59.92,62.56,56.24,83.56,79.12,55.36,55.76,41.63,63.31,50.16,48.26,65.08,66.06,70.7,101.2,69.42,68.15,66.27,56.52,65.01,73.13,62.57,66.44,65.03,76.73,77.24,45.47,96.78,88.07
07/04/2020,54.58,71.63,49.56,69.91,75.9,79.33,70.1,69.58,84.72,76.44,70.39,81.02,69.37,59.42,56.97,48.59,71.61,81.43,68.37,63.29,72.53,69.88,47.14,83.02,75.89,78.68,62.67,68.86,46.42,18.63,66.25,68.75,59.43,65.61,55.19,105.42,79.87,56.66,58.36,40.88,63.38,50.47,48.84,69.31,67.25,86.84,103.69,75.15,70.4,70.03,56.54,67.1,67.12,66.33,65.64,67.54,80.04,81.43,46.54,99.19,95.1
08/04/2020,51.62,72.28,48.77,71.41,64.24,72.96,73.73,72.54,87.82,61.85,68.21,66.51,66.65,54.5,54.79,38.81,68.2,81.33,64.47,61.47,70.09,68.09,44.75,77.99,73.32,67.46,62.04,66.83,45.33,18.69,62.86,65.42,56.5,62.5,53,102.77,71.64,52.73,51.13,40.36,61.53,50.85,45.26,63.99,62.57,71.88,81.95,58.98,64.22,65.22,54.33,62.56,65.01,57.2,57.92,64.11,73.47,72.17,43.68,81.95,100.18
09/04/2020,49.65,67.19,47.97,69.29,65.18,69.35,67.83,68.23,83.2,68.28,66.63,66.79,60.44,54.4,53.33,41.3,59.8,77.37,61.32,60.91,62.86,67.69,43.76,81.53,75.31,64.77,60.92,67.16,42.63,18.8,60.09,65.32,56.68,59.58,51.1,90.6,75.54,50.98,52.5,39.34,58.68,49.75,39.92,59.42,61.69,71.37,74.28,54.77,64.28,62.27,50.88,61.95,63.81,53.09,57.48,57.76,69.4,74.14,42.1,75.94,88.96
10/04/2020,58.34,66.91,54.05,73.98,68.78,74.23,68.35,69.01,86.04,70.49,73.34,71.14,65.91,64.26,60.5,43.95,65.02,85.87,64.32,70.97,73.41,71.41,48.47,95.3,68.12,66.5,66.67,72.51,50.4,20.61,65.71,66.96,60.14,61.91,57.91,106.81,73.33,54.74,61.48,44,67.94,58.62,45.22,69.64,70.86,72.33,69.49,66.8,67,63.77,63.05,64.74,66.74,55.62,66.78,76.74,85.08,76.4,48.98,79.32,81.12
11/04/2020,53.49,72.65,50.59,72.66,83.36,75.48,74.87,69.53,94.07,64.28,75.74,73.72,69.56,63.06,60.61,47.81,62,76.27,61.75,71.69,69.68,75.42,47.75,96.95,73.92,72.73,66.02,66.37,50.1,19.92,67.69,66.14,57.26,64.83,58.02,106.63,76.21,54.59,70.3,41.63,66.21,55.42,48.49,69.1,66.31,78.57,115.05,74.16,63.37,64.74,63.45,74.34,71.21,64.88,68.97,70.86,80.65,83.53,50.8,106.07,108.73
12/04/2020,35.73,49.79,39.68,50.12,49.45,46.56,42.79,40.61,57.74,49.52,49.01,47.14,54.56,41.08,36.32,38.65,43.05,51.2,40.26,51.8,51.04,48.65,38.47,51.61,51.62,47.85,42.51,45.27,32.42,16.85,42.72,42.62,37.66,39.06,39.36,63.67,49.1,40.28,42.83,33.1,43.45,37.24,35.61,42.55,42.38,51.63,56.13,35.79,42,42.01,38.92,56.8,45.21,43.92,47.19,47.25,56.95,53.28,34.56,59.13,58.24
13/04/2020,47.96,55.58,46.27,66.17,59.47,64.69,65.87,60.83,75.7,67.1,57.68,62.79,62.34,51.84,47.32,38.19,64.25,70.05,54.82,58.78,62.89,59.76,43.08,81.37,62.02,61.11,55.37,66.68,38.14,18.5,54.37,63.8,52.8,54.64,49.67,74.68,70.5,50.25,57.36,37.85,55.89,44.44,38.06,53.56,59.6,68.05,73.98,54.71,59.04,61.02,43.71,55.9,68.06,48.72,53.36,55.51,68.22,70.32,40.26,72.13,89.05
14/04/2020,56.61,66.45,54.22,74.04,72.95,78.24,73.79,70.34,85.67,80.59,75.09,78.94,72.79,67.27,56.34,44.08,70.35,79.09,67.75,72.08,77.76,80.52,50.23,79.31,73.32,74.72,63.46,80.59,51.61,20.27,66.06,70.63,59.84,65.13,58.69,98.85,76.32,58.75,76.09,44.65,68.26,55.36,50.08,68.42,68.28,77,91.53,70.28,64.75,71.42,62.8,65.79,71.4,61.53,69.28,68.16,78.84,77.99,50.87,87.49,94.92
15/04/2020,58.6,69.83,57.49,77.38,71.41,80.43,75.14,82.29,88.82,84.99,79.2,78.47,71.46,65.95,59.68,51.9,77.98,88.51,69.62,68.73,77.93,78.8,51.08,81.2,73.25,68.55,68.24,70.51,51,20.56,67.89,74.49,63.49,63,60.14,104.44,80.85,60.54,69.85,45.63,70.05,57.17,45.89,72.13,74.67,84.36,81.36,75.81,77.69,72.62,62.09,71.7,70.16,60.47,67.75,73.09,88.18,76.24,50.43,86.09,121.28
16/04/2020,59.6,72.51,57.2,79.63,66.2,72.26,77.84,75.17,93.28,85.08,76.82,74.06,72.35,65.72,59.08,47.28,74.14,82.84,69,71.89,81.69,83.3,52.09,94.06,70.44,70.8,67.03,71.96,52.06,20.71,67.89,70.87,63.76,62,60.52,110.73,81.79,59.55,65.43,45.7,67.5,58.9,48.25,72.36,72.66,82.73,82.35,62.86,75.71,64.79,64.27,68.21,69.75,55.76,68.4,72.92,80.58,78.11,51.06,85.71,120.21
17/04/2020,66.17,71.54,62.54,83.44,72.79,84.83,86.79,89.15,101.36,86.46,80.56,82.27,75.96,69.43,65.88,51.73,88.58,95.74,75.89,78.09,82.22,91.19,58.18,93.9,78.07,82.27,76.52,81.76,57.87,22.73,76.03,81.9,72.56,71.47,66.23,127.16,97.92,61.39,72.13,49.27,77.88,65.1,53.64,77.49,79.3,88.25,83.45,75.78,81.64,76.52,68.55,75.11,78.35,59.47,72.26,77.81,87.79,90.9,54.81,85.61,119.41
18/04/2020,53.73,78.71,53.85,75.71,88,85.18,83.77,76.13,88.77,81.82,67.07,83.44,66.77,60.12,65.82,61.22,72.76,84.66,71.64,70.38,74.02,89.87,51.73,103.22,81.79,82.25,73.63,68.95,49.16,20.64,77.89,70.65,65.53,74.26,56.06,127.28,93.12,53.68,57.89,44.56,68.6,55.27,44.75,68.91,67.54,71.65,96.31,75.15,74.13,66.47,59.02,68.52,70.61,64.2,61.89,71.53,83.69,93.51,48.73,115.79,113
19/04/2020,53.22,70.66,50.92,69.56,68.92,72.24,64.29,68.57,83.83,71.74,81.26,73.56,74.51,65.64,47.74,55.07,55.57,80.85,59.9,75.73,71.42,63.57,48.02,71.72,68.79,69.09,56.11,70.7,46.57,21.01,55.62,61.95,53.56,60.76,61.3,102.65,71.15,63.5,69.53,42.09,68.39,51.66,57.65,72.53,65.51,88.19,95.11,61,55.37,65.9,58.24,73.5,69.97,63.12,75.91,79.03,90.2,79.27,51.3,80.83,104.19
20/04/2020,59.81,83.25,59.5,78.73,81.2,84.96,83.11,76.58,93.54,84.59,75.95,82.19,68.96,64.19,64.94,51.9,80.4,91.06,71.64,80.35,79.37,82.22,54.03,99.34,83.64,82.48,71.36,75.67,50.47,21.43,72.28,78.37,69.74,69.36,61.99,121.97,90.55,60.28,61.31,48.05,71.92,57.41,52.35,73.97,74.01,83.07,102.39,71.31,81.65,76.09,61.6,74.53,81.1,64.71,68.44,74.74,81.07,92.4,50.39,99.79,121.64
21/04/2020,56.65,67.14,55.3,76.35,74.54,80.52,74,76.18,97.8,84.48,66.22,76.5,73.76,59.98,58.92,46.92,70.4,89.61,71.47,69.33,73.97,80.16,51.19,83.1,71.32,68.97,65.78,70.24,47.97,20.47,67.19,70.1,61.76,65.31,56.68,102.42,83.65,55.77,58.01,44.23,65.44,55.62,48.57,68.79,67.11,79.92,85.24,69.52,68.11,77.54,57.43,64.06,74.52,54.4,64.18,66.1,83.99,82.5,46.31,82.17,104.19
22/04/2020,58.55,74.32,60.61,80.62,77.26,79.95,83.6,79.37,86.67,83.9,78.37,76.75,72.35,69.57,63.07,50.95,81.05,94.67,65.73,71.16,76.29,76.11,58.13,86.81,74.99,72.13,71.13,77.22,55.94,22.13,69.07,71.5,63.18,66.19,63.47,97.35,84.18,59.14,69.95,47.88,67.99,61.43,55.8,72.62,72.59,87.46,94.52,69.25,73.12,79.02,67.03,78.76,80.16,58.82,72.86,77.02,78.93,93.04,53.63,85.61,102.94
23/04/2020,62.91,80.1,59.98,82.59,75.07,89.05,82.26,86.49,101.42,86.24,78.27,77.5,78.15,65.02,63.32,55.1,75.23,97.76,78.09,76.82,84.16,85.02,56.14,96.62,82.02,78.58,72.19,82.74,53.37,21.91,70.66,79.64,70.06,67.55,62.03,106.46,95.42,61.62,66.47,47.8,74.87,59.24,53.41,79.6,79.46,83.86,91.33,75.84,86.1,77.93,65.56,72.79,69.64,63.3,70.21,85.69,91.47,92.48,52.14,91.19,107.57
24/04/2020,68.71,82.92,64.64,89.31,85.46,95.43,98.55,91.99,104.3,95.67,84.01,92.87,78.56,69.94,74.76,66.13,98.3,97.73,86.14,82.92,91.33,97.92,59.83,105.28,94.39,91.9,83.92,92.28,57.28,23.5,84.29,87.38,79.29,80.3,66.49,139.56,105.58,67.65,69.6,49.89,81.19,64.51,55.01,85.26,84.85,93.81,102.49,80.05,91.55,82.35,67.26,77.14,88.01,68.12,72.25,83.84,95.3,105.78,56.06,105.48,107.57
25/04/2020,70.23,107.31,65.11,94.47,118.32,120.23,101.93,98.42,109.4,105.03,118.31,103.58,99.29,83.65,78.18,82.92,99.23,116.57,89.33,117.1,105.32,105.9,60.86,119.46,133.78,110.93,84.21,93.24,65.49,26.02,99.16,88,84.73,96.86,77.36,144.87,120.55,74.68,91.9,54.03,90.85,68.38,65.5,98.08,87.85,120.81,161.62,112.52,95.54,85.83,83.46,92.9,90.38,94.85,100.76,105.64,122.1,130.2,66.94,181.36,163.76
26/04/2020,45.56,72.19,47.86,67.99,65.25,67.27,67.15,68.06,77.95,73.75,64.02,62.46,69.22,52.57,50.35,48.46,56.4,75.93,58.1,65.24,63.5,64.87,45.18,77.49,61.69,60.33,54.44,66.59,40.33,19.39,60.58,57.83,51.49,57.08,48.46,89.1,76.03,52.3,48.87,37.77,57.55,48.23,44.28,60.88,60.03,76.83,76.27,60.3,66.88,64.9,48.7,65.3,68.66,48.88,56.82,64.91,71.72,69.67,40.87,72.82,82.46
27/04/2020,57.03,84.36,61.23,83.9,80.25,83.49,88.85,85.5,102.41,80.99,74.59,79.33,71.27,62.99,67.47,46.66,79.68,97.15,73.44,69.7,77.29,79.12,54.48,103.3,79.44,79.62,70.71,78.82,51.55,21.95,79.58,74.04,66.83,68.87,61.42,109.11,94.06,62.55,63.91,47.41,66.62,55.44,54.54,68.35,74.7,86.28,113.86,71.27,81.56,74.84,61.99,77.51,83.73,58.63,64.76,68.22,80.25,85.58,49.58,96.29,103.92
28/04/2020,65.84,80.93,66.97,90.52,90,99.67,95.48,86.49,103.36,93.54,89.67,90.59,80.83,77.62,71.18,63.58,90.66,100.55,80.19,88.24,85.9,93.8,61.5,112.37,96.64,98.29,77.8,85.44,61.83,25.24,83.2,86.48,78.08,79.19,72.3,110.78,101.83,66.11,74.82,54.2,80.03,67.37,64.38,83.98,82.19,99.21,139.68,83.23,91.51,86.34,76.06,89.91,88.31,74.09,83.95,85.14,93.28,96.41,60.21,101.77,121.99
29/04/2020,65.66,86.26,63.45,90.97,80.99,90.02,90.94,92.99,107.45,95.62,89.62,87.62,74.58,70.1,70.28,62.24,84.02,91.92,80.43,81.32,84.63,85.06,58.42,100.91,87.38,85.25,77.3,87.07,55.31,23.19,81.51,84.52,75.17,76.68,65.22,117.01,97.38,66.39,67.49,50.1,81.47,63.69,57.1,82.07,79.98,98.59,109.97,74.09,85.76,86.88,68.35,80.66,87.6,64.5,73.48,85.06,96.71,96.61,54.47,97.96,120.93
30/04/2020,65.29,82.23,64.34,88.33,82.81,91.83,94.19,91.02,108.08,93.3,79.21,86.49,84.41,70.33,69.22,53.04,96.76,89.96,78.26,76.86,88.92,84.5,58.47,103.3,88.77,80.97,76.32,86.04,56.22,23.48,78.96,79.85,75.05,77.6,63.37,113.67,94.89,70.8,65.08,50.8,76.84,61.05,53.55,78.4,79.4,93.42,97.91,71.34,93.58,79.94,67.31,73.92,81.77,67.42,69.39,81.26,92.4,93.04,52.47,97.74,118.34
01/05/2020,76.33,102.55,78.35,106.73,97.65,107.09,107.9,107.88,122.99,100.6,94.91,105.66,94.23,80.93,82.75,59.29,93.08,108.6,94.77,87.17,96.34,109.2,68.7,129.84,105.94,97.25,94.48,95.39,66.07,27.37,96,96.96,89.98,93.79,76.25,127.97,120.49,80.49,78.66,59.03,86.48,74.34,64.24,91.34,91.92,104.16,125.82,89.79,108.73,92.44,80.15,96.9,106.54,75.72,85.21,95.37,115.65,110.5,64.18,113.8,129.21
02/05/2020,77.79,120.36,79.1,103.97,124.08,119.27,110.27,101.46,128.24,113.65,116.54,111.1,110.27,91.96,81.96,89.79,94.84,116.16,98.68,118.52,109.08,113.35,71.18,138.83,133.62,117.58,89.27,101.58,72.79,30.13,110.81,97.47,89.42,102.88,87.42,153.92,123.42,85.04,98.86,63.17,94.21,75.37,76.79,105.32,92.4,125.42,201.89,115.14,106.99,96.93,91.97,113.24,106.31,100.44,113.02,116.94,118.84,132.45,75.57,155.64,178.9
03/05/2020,65.26,101.11,66.47,92.16,109.77,105.41,89.09,83.73,102.73,92.72,105.28,98.78,104.61,84.37,71.8,69.76,81.66,103.06,84.48,110.04,97.09,97.24,60.86,134.95,117.4,103.05,78.72,86.4,60.06,26.34,102.81,82.56,78.04,86.46,78.35,129.64,108.9,77.57,89,53.33,81.62,64.41,70.98,93.69,81.31,111.25,189.73,89.07,89.22,88.31,73.62,108.42,91.69,97.15,100.14,109.28,108.83,115.04,64.54,162.73,128.67
04/05/2020,67.19,86.63,80.01,92.17,80.76,88.46,93.86,92.87,113.86,89.1,90.3,82.38,91.59,73.64,71.86,57.04,87.42,102.34,79.07,82.67,91.75,92.7,63.61,100.25,87.08,85.51,77.56,88.48,61.39,26.45,83.94,85.56,75.28,74.45,72.01,112.28,97.35,67.56,74.9,56.69,79.41,69.1,64.8,85.12,84.19,85.15,116.95,74.42,88.03,86.92,75.78,86.91,94.78,62.71,78.6,87.11,96.86,91.3,61.7,103.06,122.53
05/05/2020,73.99,99.17,75.88,99.23,100.12,101.8,98.12,94.28,114.12,98.95,99.5,98.92,91.96,83.33,79.02,65.94,99.34,113.65,87.88,95.57,102.63,99.17,67.81,102.8,98.61,100.92,87.2,94,67.86,27.3,88.62,96.1,84.11,86.33,77.39,122.43,111.97,77.7,80.71,60.39,90.07,72.75,68.29,94.88,92.64,103.71,122.23,90.06,100.45,94.57,84.14,94.36,103.87,77.19,87.95,97.58,114.83,108.83,66.41,109.02,139.63
06/05/2020,72.53,102.92,71.58,97.27,94.24,100.96,98.21,91.99,120.52,107.17,97.44,96.95,90.99,77.03,79.07,70.39,89.18,111.59,84.96,86.9,100.69,99.15,63.83,110.22,94.55,95.76,87.43,95.91,62.49,25.22,91.17,90.26,82.59,88.68,75.43,125.61,113.7,70.95,74.26,55.46,83.41,67.25,63.32,92.11,87.58,101.41,106.18,94.07,106.32,90.69,75.88,87.84,96.28,74.69,79.73,95.08,103.23,109.08,61.07,113.69,139.89
07/05/2020,75.53,99.44,75.93,107,104.59,106.98,103.74,99.51,121.57,97.1,107.67,105.88,94.31,86.15,79.22,70.75,98.68,113.96,83.84,95.65,105.04,96.99,69.82,124.07,103.76,96.99,85.92,100.05,70.15,27.84,90.12,98.01,86.34,90.33,81.31,113.73,117.43,83.21,84.76,60.47,87.27,77.64,72.06,104.08,95.76,107.54,129.61,87.48,104.19,94.02,86.67,96.09,101.2,83.73,90.05,104.08,108.53,108.28,68.93,113.86,155.03
08/05/2020,83.01,111.2,77.24,106.68,98.09,113.31,118.45,110.13,134.38,113.36,104.19,118.42,96.76,88.29,86.25,73.27,101.87,113.82,95.84,101.56,112.46,115.07,69.48,138.99,110.72,111.94,99.02,109.01,71.77,28,102.33,107.78,95.44,98.51,81.64,141.23,126.02,82,85.48,60.37,98.51,76.04,67.66,106.8,99.53,114.57,124.43,98.51,109.89,100.76,86.23,96.43,112.06,78.53,92.84,113.81,124.36,116.01,68.66,113.64,140.52
09/05/2020,74.76,99.26,75.98,101,95.62,101.29,106.64,94.8,125.2,109.65,100.52,104.44,93.11,86.05,81.77,71.27,83.47,108.29,92.78,98.6,94.93,106.49,65.79,113.52,108.58,97.73,91.12,94.24,73.05,27.43,95.02,94.49,84.02,93.81,82.13,126.07,111.24,81.2,87.43,61.63,89.01,76.8,69.57,99.49,94.86,101.29,127.02,95.76,98.2,94.94,93.21,98.14,100.71,70.31,92.86,106.48,122.31,102.26,71.9,125.08,137.04
10/05/2020,60.65,74.5,68.27,83.48,80.25,84.08,79.19,80.71,106.93,77.44,88.9,79,84.44,73.98,64.78,59.46,72.16,93.95,76.01,93.8,87.7,80.63,62.95,82.28,89.54,82.78,69.2,82.65,61.74,25.53,74.88,73.33,68.54,76.27,71.46,115.57,89.47,67.99,79.24,57.11,72.04,70.74,68.31,82.6,77.83,92.01,113.66,72.83,78.83,76.25,75.71,87.28,93.12,66.02,82.89,86.78,91.02,89.2,63.33,99.25,99.64
11/05/2020,,,,,,,,,,,,,,,,,,,,,,,,,,,,,,,,,,,,,,,,,,,,,,,,,,,,,,,,,,,,,
12/05/2020,,,,,,,,,,,,,,,,,,,,,,,,,,,,,,,,,,,,,,,,,,,,,,,,,,,,,,,,,,,,,
13/05/2020,83.08,126.33,80.51,114.85,108.41,122.13,122.58,107.12,139.06,121.6,114.23,107.85,107.15,97.13,89.5,87.34,105,123.38,106.81,104.43,112.05,108.89,72.38,120.45,114.64,113.75,100.12,108.17,74.48,29.18,104.75,109.45,96.96,100.82,88.51,135.41,125.93,89.73,96.18,64.11,96.15,81.85,79.83,105.93,103.45,125.93,150.25,113.82,113.39,109.19,93.53,112.07,111.2,93.89,107.27,109.69,128.07,125.34,74.16,132.92,167.32
14/05/2020,86.56,113.37,82.98,112.88,104.15,116.59,116.13,109.01,133.96,120.66,111.12,107.13,102.94,96.46,87.92,86.26,109.01,132.12,96.04,110.02,113.71,116.67,75.2,127.29,106.24,109.89,93.16,113.22,77.69,30.44,96.18,108.07,95.29,101.46,90.19,141.93,128.46,86.03,97.08,66.72,100.38,82.43,80.59,111.24,105.12,125.87,130.41,101.52,118.48,112.46,96.27,108.59,106.69,88.41,103.96,116.56,126.65,119.93,76.84,121.37,152.98
15/05/2020,93.25,137.58,97.62,132.35,121.82,130.58,129.56,122.13,147.98,135.83,125.18,130.16,128.1,109.07,99.79,86.42,112.14,129.64,113.22,121.08,124.92,131.65,89.27,132.89,132.2,118.89,109.59,124.67,91.34,36.01,110.91,114.96,105.75,111.52,105.2,166.84,149.09,98.1,106.89,79.42,106.01,100.21,91.19,119.01,109.95,127.9,156.83,111.99,122.77,123.25,109.21,131.67,144.38,94.82,114.4,122.8,133.86,130.79,89.04,121.97,167.5
16/05/2020,92,151.27,91.97,131.58,146.84,155.58,143.41,122.73,164.51,120.93,150.81,142.45,145.22,112.21,105.79,128.89,121.64,163.51,121.72,150.38,146.86,146.31,84.96,182.61,164.34,142.97,109.94,127.27,90.24,35.09,131.16,125.76,107.04,134.27,113.32,183.33,159.34,112.37,124.12,77.05,115.11,95.3,96.93,140.68,115.49,156.24,252.74,157.09,126.72,128.54,113.23,154.39,127.06,117.76,137.97,153.69,163.1,157.74,92.86,204.67,227.07
17/05/2020,72.7,113.33,73.78,108.33,96.22,116.15,104.07,94.94,133.39,106.21,117.57,114.12,125.68,94.94,76.68,95.71,104.89,123.04,92.66,124.92,117.5,116.14,67.69,132.98,107.63,110.93,80.99,101.34,71.81,29.32,93.78,97.38,85.38,92.53,90.87,143.77,123.02,89.77,100.83,62.09,91.5,76.39,84.62,106.39,91.98,130.03,156.23,102.15,100.32,103.63,90.35,131.89,101.92,91.96,107.41,122.4,130.09,112.52,75.14,130.34,157.08
18/05/2020,81.56,113.42,81.3,120.54,114.26,121.93,115.86,114.2,150.55,122.38,108.05,121.59,113.47,97.17,88.99,85.8,115.6,130.4,101.28,109.46,117.25,119.72,74.03,123.91,108.33,109.06,91.55,111.04,76.84,30.37,102.04,108.67,95.56,96.08,94.29,141.93,128.16,93.01,97.63,68.07,95.44,81.91,79.13,107.7,99.18,119.4,155.23,104.61,122.81,112.43,94.77,116.73,115.03,89.01,103.7,116.34,115.86,113.91,75.25,122.77,141.94
19/05/2020,90.25,132.95,86.3,124.05,122.12,132.23,130.68,117.63,140.73,127.34,120.75,129.66,105.84,109.35,101.99,93.06,124.16,148.97,109.28,122.87,124.54,129.44,76.89,130.92,128.12,124.84,105.53,126.82,81.36,31.91,115.87,121.36,106.71,110.46,99.22,149.42,140.33,96.01,103.47,70.3,105.04,87.09,84.13,119.49,110.24,127.11,167.2,108.61,131.77,128.09,98.91,117.54,125.14,108.49,111.61,130.72,121.56,138.36,82.05,137.33,189.85
20/05/2020,93.89,139.75,86.69,128.03,130.12,141.88,135.23,122.68,154.07,135.38,123.15,127.72,116.41,111.83,108.24,108.84,131.19,160.9,119.63,127.84,138.02,137.25,80.94,147.65,134.83,138.81,112.48,126.96,86.3,32.87,127.18,130.18,113.14,125.56,102.5,181.89,146.01,99.87,111.99,73.51,110.18,92.16,89.57,124.99,115.21,126.66,202.69,124.75,135.88,129.62,106.43,127.57,129.39,121.42,113.95,136.54,141.78,144.02,84.97,160.9,206.77
21/05/2020,99.05,150.16,91.39,136.71,146.01,150.11,144.85,130.13,159.69,139.8,132.05,140.68,126.94,112.34,113.06,119.5,139.65,165.75,129.46,136.69,147.69,152.57,84.94,168.67,143.23,143.09,116.89,133.96,91.23,34.93,133.84,130.69,122.21,131.11,109.02,158.94,152.69,105.81,111.79,76.13,116.69,95.11,94.7,131.81,119.26,157.26,238.68,127.27,142.71,142.88,112.07,134.75,138.03,129.98,122.9,152.18,146.61,150.9,89.86,177.28,218.7
22/05/2020,110.47,161.59,102.13,150.5,142.24,176.51,158.56,142.74,183.04,156.58,161.22,153.55,165.72,127.81,117.18,161.81,168.42,176.58,144.5,175.22,176.16,206.77,93.44,240.81,165.73,174.2,129.2,157.65,99.36,39.5,136.96,149.8,131.98,147.25,120.78,199.02,179.75,120.16,126.74,84.28,135.18,105.87,102.76,164.65,132.84,175.82,235.19,160.5,172.41,152.77,125.3,157,144.68,128.39,137.58,204.57,168.22,171.67,99.61,191.14,248.89
23/05/2020,91.82,196.53,84.7,128.21,171.68,166.22,156.94,120.56,165.09,144.2,144.98,128.44,159.25,102.41,106.9,199.84,161.56,190.96,130.83,165.98,162.34,199.92,75.82,222.18,168.03,155.89,112.06,138.98,76.56,30.65,136.21,128.73,110.13,136.62,101.04,186.39,169.51,119.32,100.31,69.25,115.7,88.2,78.29,136.15,115.8,171.88,331.01,165.9,140.78,157.44,101.09,145.1,131.45,138.9,121.22,221.21,168.83,167.75,80.14,202.36,334.55
24/05/2020,77.67,179.92,86.25,118.16,153.02,149.43,143.76,104.4,171.02,119.37,139.37,116.15,162.15,108.87,92.23,191.16,157.72,167.09,112.36,167.89,146.58,171.06,78.88,195.96,159.74,144.47,95.54,119.5,79.4,33.82,122.3,113.32,92.2,127.26,110.54,186.04,156.44,113.3,119.6,72.69,99.84,86.16,103.47,117.93,101.53,156.75,339.08,151.39,128.32,136.72,103.06,176.21,121.61,149.82,144.53,207.54,145.67,147.49,85.71,217.88,284.15
25/05/2020,77.66,150.39,82.31,111.44,135.44,144.39,134.43,101.16,135.64,116.66,134.8,110.32,152.44,96.24,86.73,149.48,147.12,152.27,110.24,162.78,141.29,141.92,77.09,172.46,138.4,126.89,87.96,126.36,71.62,32.03,107.25,109.6,87.87,113.92,99.81,166.26,139.96,102.29,107.73,69.98,97.75,78.75,93.81,114.24,95.4,156.02,263.01,139.79,122.43,126.96,89.47,154.99,119.84,119.79,125.48,183.95,127.04,136.87,76.6,180.77,274.53
26/05/2020,95.41,131.14,93.6,135.85,132.26,160.57,150.2,124.66,155.38,126.76,133.82,124.36,135.02,113.55,109.62,110.77,132.29,161.18,116.63,143.38,149.13,149.17,86.13,172.88,135.55,147.95,113.74,140.22,90.82,36.65,128.95,138.36,115.51,125.2,111.62,180.97,158.44,105.07,117.77,79.33,113.89,100.79,97.57,129.31,116.79,150.67,223.43,125.51,147.08,136.62,108.95,137.1,129.73,129.91,124.56,160.33,135.76,152.98,89.83,161.82,199.38
27/05/2020,100.13,131.51,98.41,136.33,126.66,161.41,153.17,132.21,155.01,138.62,143.65,127.28,130.63,118.18,114.95,111.49,150.47,161.9,125.92,132.64,142.37,145.87,89.04,164.3,146.94,147.45,120.81,139.41,96.39,37.29,132.11,134.56,119.11,129.41,114.53,172.9,153.97,105.4,124.82,82.63,118.09,102.35,101.23,133.11,124.34,143.53,206.68,130.28,146.72,137.04,114.96,136.77,129.39,133.1,124.26,166.49,144.02,156.72,92.95,158.06,208.28
